,PLAYER_ID,PLAYER_NAME,GP,W,L,W_PCT,MIN,E_OFF_RATING,E_DEF_RATING,E_NET_RATING,E_AST_RATIO,E_OREB_PCT,E_DREB_PCT,E_REB_PCT,E_TOV_PCT,E_USG_PCT,E_PACE,GP_RANK,W_RANK,L_RANK,W_PCT_RANK,MIN_RANK,E_OFF_RATING_RANK,E_DEF_RATING_RANK,E_NET_RATING_RANK,E_AST_RATIO_RANK,E_OREB_PCT_RANK,E_DREB_PCT_RANK,E_REB_PCT_RANK,E_TOV_PCT_RANK,E_USG_PCT_RANK,E_PACE_RANK
0,1631386,Taze Moore,3,1,2,0.333,3.4,130.4,106.8,23.6,14.3,0.0,0.0,0.0,14.286,0.206,125.48,513,504,33,413,523,9,83,13,367,514,533,542,56,152,1
1,1631199,Ron Harper Jr.,1,1,0,1.0,3.7,100.0,155.1,-55.1,100.0,0.0,0.0,0.0,0.0,0.0,124.67,542,504,1,1,514,499,552,548,1,514,533,542,1,550,2
2,1631167,Izaiah Brockington,1,1,0,1.0,3.4,127.1,121.0,6.2,0.0,0.143,0.167,0.154,0.0,0.372,119.74,542,504,1,1,524,13,519,106,529,23,167,84,1,3,3
3,1630554,Jason Preston,1,0,1,0.0,1.2,0.0,0.0,0.0,0.0,0.5,0.0,0.2,100.0,0.25,116.76,542,533,15,533,551,552,1,244,529,1,533,23,554,66,4
4,1641926,Dexter Dennis,4,1,3,0.25,7.5,89.9,102.5,-12.7,14.6,0.026,0.235,0.123,10.981,0.298,116.1,505,504,49,455,450,528,45,495,352,372,54,145,56,23,5
5,1631173,Terquavion Smith,12,4,8,0.333,5.8,117.8,118.1,-0.3,18.1,0.0,0.034,0.016,7.231,0.248,113.47,451,448,122,413,477,70,474,256,255,514,528,540,56,76,6
6,1630563,Joshua Primo,2,2,0,1.0,5.1,96.7,89.3,7.4,0.0,0.125,0.0,0.053,57.143,0.283,113.42,527,479,1,1,491,515,18,82,529,43,533,488,553,34,7
7,1630186,Jahmi'us Ramsey,1,0,1,0.0,5.3,88.3,126.5,-38.1,25.0,0.125,0.083,0.1,0.0,0.196,113.19,542,533,15,533,484,531,536,541,115,43,479,215,1,180,8
8,1630535,Greg Brown III,6,3,3,0.5,6.6,105.2,109.9,-4.8,17.4,0.067,0.133,0.1,17.422,0.184,111.67,489,464,49,283,465,442,166,369,270,157,281,215,515,218,9
9,1631262,Jules Bernard,8,1,7,0.125,4.5,97.4,90.9,6.5,23.9,0.064,0.083,0.072,9.579,0.151,111.45,476,504,110,519,503,510,21,102,135,171,479,364,56,361,10
10,1631157,Ryan Rollins,10,1,9,0.1,6.6,118.0,81.4,36.6,21.8,0.036,0.136,0.091,13.867,0.239,110.58,465,504,131,527,466,64,9,6,168,292,269,257,56,91,11
11,1641745,Adam Flagler,1,1,0,1.0,5.5,105.5,100.0,5.5,25.0,0.0,0.0,0.0,0.0,0.225,110.49,542,504,1,1,478,438,33,120,115,514,533,542,1,117,12
12,1630568,Luka Garza,15,11,4,0.733,3.3,104.7,108.7,-4.0,7.0,0.138,0.136,0.137,6.97,0.304,110.45,435,345,64,37,526,449,130,353,518,26,269,112,56,18,13
13,1631111,Wendell Moore Jr.,15,11,4,0.733,3.0,96.3,115.7,-19.4,13.3,0.0,0.146,0.071,20.0,0.115,110.28,435,345,64,37,532,516,407,525,394,514,228,375,515,495,14
14,1631338,Mouhamadou Gueye,2,0,2,0.0,4.8,104.0,84.6,19.4,0.0,0.231,0.133,0.179,0.0,0.153,108.66,527,533,33,533,496,462,13,17,529,4,281,44,1,354,15
15,1631321,Sidy Cissoko,6,1,5,0.167,5.3,106.6,86.4,20.2,0.0,0.0,0.182,0.088,11.416,0.107,108.23,489,504,81,503,480,411,15,16,529,514,140,275,56,515,16
16,1631243,Mouhamed Gueye,2,2,0,1.0,2.2,10.1,141.7,-131.6,0.0,0.0,0.0,0.0,0.0,0.092,108.19,527,479,1,1,547,551,547,553,529,514,533,542,1,534,17
17,1630647,Eugene Omoruyi,32,4,28,0.125,7.4,99.5,114.0,-14.5,14.2,0.11,0.185,0.144,9.23,0.239,107.81,343,448,433,519,454,500,340,510,374,63,136,101,56,91,18
18,1641727,Dariq Whitehead,2,1,1,0.5,12.0,108.6,161.5,-52.9,33.8,0.0,0.19,0.087,0.0,0.093,107.63,527,504,15,283,371,359,553,547,36,514,126,283,1,533,19
19,1629716,Marques Bolden,4,2,2,0.5,3.9,131.6,99.8,31.8,0.0,0.0,0.167,0.103,50.0,0.058,107.07,505,479,33,283,509,6,32,8,529,514,167,195,552,546,20
20,201980,Danny Green,2,1,1,0.5,9.2,110.8,118.0,-7.1,33.3,0.0,0.118,0.069,0.0,0.044,106.98,527,504,15,283,419,275,472,417,38,514,346,392,1,549,21
21,1631169,Josh Minott,22,16,6,0.727,2.9,106.4,103.6,2.8,8.8,0.047,0.17,0.103,5.855,0.202,106.9,391,289,96,41,536,415,55,172,497,232,161,197,56,165,22
22,1631100,AJ Griffin,18,8,10,0.444,7.4,111.5,120.0,-8.6,7.2,0.017,0.112,0.062,10.737,0.165,106.71,418,391,147,345,456,258,508,441,516,456,372,440,56,301,23
23,1631098,Johnny Davis,33,4,29,0.121,9.8,102.8,109.8,-7.0,11.1,0.041,0.11,0.072,6.854,0.13,106.55,339,448,446,522,408,479,161,413,449,260,384,363,56,451,24
24,1631116,Patrick Baldwin Jr.,21,3,18,0.143,7.8,107.4,95.4,12.0,11.0,0.04,0.226,0.132,9.626,0.158,106.55,397,464,259,513,446,385,26,38,454,266,67,126,56,335,24
25,1630264,Anthony Gill,34,6,28,0.176,5.2,120.5,102.1,18.4,15.8,0.09,0.152,0.121,16.892,0.173,106.49,332,421,433,499,488,23,43,19,322,98,209,152,515,268,26
26,1630284,Kevon Harris,2,1,1,0.5,3.0,156.7,142.0,14.7,20.0,0.0,0.286,0.222,20.0,0.313,106.47,527,504,15,283,533,3,548,27,211,514,19,9,515,11,27
27,1629673,Jordan Poole,62,11,51,0.177,29.3,109.0,119.2,-10.2,17.4,0.013,0.082,0.047,10.479,0.26,106.18,41,345,550,496,108,351,494,462,274,483,486,508,56,53,28
28,1630167,Obi Toppin,65,36,29,0.554,21.9,118.8,116.7,2.0,14.6,0.054,0.15,0.102,8.53,0.162,106.18,3,52,446,242,212,44,436,192,353,207,217,201,56,322,28
29,1630586,Usman Garuba,3,2,1,0.667,2.6,97.7,128.8,-31.1,50.0,0.1,0.0,0.067,0.0,0.049,106.09,513,479,15,82,540,508,539,537,5,81,533,408,1,548,30
30,1629655,Daniel Gafford,57,16,41,0.281,24.7,111.6,116.7,-5.1,13.9,0.118,0.212,0.165,9.98,0.143,106.06,126,289,527,446,184,255,436,375,377,56,94,69,56,389,31
31,1631131,Oscar Tshiebwe,8,2,6,0.25,5.2,115.0,102.9,12.1,7.8,0.178,0.258,0.211,0.0,0.207,106.04,476,479,96,455,485,151,48,37,510,11,37,18,1,149,32
32,1629677,Luka Samanic,32,13,19,0.406,7.0,106.0,108.0,-1.9,6.4,0.052,0.196,0.128,12.0,0.215,106.01,343,324,276,378,460,426,111,295,524,210,116,137,56,138,33
33,1630166,Deni Avdija,61,11,50,0.18,28.8,109.6,116.7,-7.1,21.4,0.043,0.214,0.128,11.677,0.198,105.99,62,345,547,493,115,334,436,417,177,249,91,136,56,173,34
34,1630169,Tyrese Haliburton,52,29,23,0.558,32.1,119.9,116.0,3.9,36.8,0.02,0.112,0.066,7.7,0.25,105.89,179,133,365,234,67,30,418,144,29,424,373,412,56,66,35
35,1626145,Tyus Jones,64,11,53,0.172,29.2,109.7,120.2,-10.5,39.2,0.011,0.093,0.051,5.278,0.163,105.81,9,345,553,500,112,327,512,467,17,501,449,495,56,312,36
36,203095,Evan Fournier,14,4,10,0.286,16.4,96.8,108.8,-12.0,13.2,0.013,0.122,0.064,8.224,0.189,105.76,439,448,147,442,295,514,131,487,400,484,331,425,56,201,37
37,1631214,Alondes Williams,2,2,0,1.0,4.7,57.8,96.9,-39.1,0.0,0.0,0.111,0.056,25.0,0.184,105.74,527,479,1,1,499,547,29,542,529,514,379,474,546,218,38
38,1630639,A.J. Lawson,30,17,13,0.567,7.9,114.7,108.8,5.8,11.0,0.048,0.095,0.07,8.449,0.178,105.7,350,281,179,219,445,159,131,114,455,226,437,379,56,243,39
39,1631159,Leonard Miller,7,6,1,0.857,3.7,92.7,103.7,-11.0,20.0,0.04,0.45,0.222,6.667,0.203,105.68,485,421,15,15,513,523,57,472,211,271,5,9,56,162,40
40,1628984,Devonte' Graham,13,4,9,0.308,8.5,117.7,101.1,16.6,31.9,0.018,0.174,0.087,5.04,0.152,105.63,444,448,131,431,433,73,36,23,44,445,157,280,56,356,41
41,1627780,Gary Payton II,28,16,12,0.571,15.5,114.0,107.3,6.7,15.2,0.08,0.125,0.101,9.596,0.14,105.46,359,289,161,207,308,184,94,96,340,123,315,207,56,405,42
42,1630572,Sandro Mamukelashvili,35,8,27,0.229,6.4,107.8,106.3,1.5,24.7,0.097,0.196,0.145,6.81,0.163,105.3,323,391,415,474,469,377,75,203,122,87,115,100,56,312,43
43,1628398,Kyle Kuzma,62,11,51,0.177,32.2,109.1,119.2,-10.1,15.2,0.031,0.189,0.109,9.571,0.305,105.28,41,345,550,496,66,348,494,459,339,329,129,185,56,14,44
44,1629027,Trae Young,51,22,29,0.431,36.5,116.0,118.3,-2.3,28.7,0.012,0.071,0.041,11.403,0.3,105.25,195,227,446,359,8,120,479,305,66,491,500,522,56,22,45
45,1630543,Isaiah Jackson,48,29,19,0.604,13.5,112.6,113.2,-0.6,12.6,0.132,0.217,0.175,11.024,0.177,105.21,221,133,276,154,340,226,306,264,416,33,82,50,56,249,46
46,1630608,Malcolm Cazalon,1,0,1,0.0,2.6,174.1,120.0,54.1,0.0,0.0,0.0,0.0,0.0,0.0,105.17,542,533,15,533,541,1,508,3,529,514,533,542,1,550,47
47,1641716,Jarace Walker,23,10,13,0.435,9.9,115.5,115.4,0.0,22.4,0.045,0.186,0.112,9.594,0.175,105.13,386,364,179,355,406,137,394,244,154,238,135,176,56,259,48
48,1629646,Charles Bassey,19,3,16,0.158,10.8,105.9,117.1,-11.2,26.7,0.118,0.306,0.207,19.074,0.115,105.11,410,464,234,509,392,430,453,478,89,55,14,20,515,495,49
49,1630557,Corey Kispert,62,11,51,0.177,23.0,107.9,118.5,-10.6,13.9,0.016,0.106,0.06,8.915,0.204,105.04,41,345,550,496,202,375,485,469,379,466,400,454,56,159,50
50,1641757,Jordan Miller,6,5,1,0.833,3.6,104.3,125.5,-21.2,0.0,0.1,0.091,0.095,12.69,0.154,105.02,489,438,15,16,518,458,534,529,529,81,454,238,56,350,51
51,1641767,Ben Sheppard,40,21,19,0.525,12.0,117.8,117.1,0.7,16.2,0.019,0.123,0.069,3.922,0.13,105.0,282,240,276,274,372,70,453,218,308,435,327,386,1,451,52
52,1630164,James Wiseman,44,5,39,0.114,14.7,107.3,120.1,-12.8,11.8,0.115,0.224,0.167,13.643,0.155,104.94,252,438,521,524,318,392,511,497,434,57,72,66,56,348,53
53,1631254,Kenneth Lofton Jr.,17,5,12,0.294,6.3,103.4,108.8,-5.4,19.6,0.018,0.178,0.09,11.173,0.221,104.91,421,438,161,439,470,471,131,378,219,441,150,263,56,128,54
54,1631097,Bennedict Mathurin,59,33,26,0.559,26.1,114.0,116.5,-2.5,12.2,0.043,0.128,0.085,9.923,0.232,104.9,93,89,404,228,166,184,429,313,420,247,302,294,56,107,55
55,1628971,Bruce Brown,52,25,27,0.481,28.1,117.1,118.2,-1.1,20.1,0.034,0.146,0.09,8.34,0.161,104.84,179,192,415,318,128,83,476,277,207,314,229,264,56,329,56
56,1641741,Ricky Council IV,21,8,13,0.381,9.3,106.3,114.3,-8.0,5.9,0.065,0.157,0.109,3.375,0.236,104.78,397,391,179,393,416,418,348,433,525,166,189,182,1,100,57
57,1629670,Jordan Nwora,35,13,22,0.371,10.8,108.8,119.9,-11.1,15.6,0.048,0.156,0.101,8.456,0.218,104.75,323,324,345,400,391,356,506,475,325,227,194,210,56,135,58
58,203935,Marcus Smart,20,7,13,0.35,30.2,106.8,106.6,0.2,21.0,0.011,0.083,0.047,15.135,0.228,104.71,405,403,179,409,92,402,79,236,185,502,485,507,515,112,59
59,1630618,D.J. Carton,4,2,2,0.5,8.9,86.8,122.9,-36.1,21.1,0.057,0.048,0.052,7.042,0.137,104.66,505,479,33,283,425,533,526,540,181,198,523,490,56,413,60
60,1630649,Stanley Umude,18,2,16,0.111,11.3,107.8,117.3,-9.5,10.3,0.037,0.159,0.099,12.563,0.166,104.66,418,479,234,526,383,377,460,453,468,290,185,223,56,295,60
61,1641731,Bilal Coulibaly,60,11,49,0.183,27.0,106.5,116.6,-10.1,15.7,0.033,0.132,0.081,13.04,0.14,104.53,73,345,545,492,147,414,432,459,323,319,289,324,56,405,62
62,1631103,Malaki Branham,59,12,47,0.203,20.8,107.0,118.5,-11.5,18.8,0.018,0.09,0.053,9.956,0.195,104.5,93,334,543,488,223,399,485,481,237,441,460,486,56,183,63
63,203081,Damian Lillard,60,42,18,0.7,35.0,118.9,110.4,8.5,22.8,0.016,0.114,0.067,8.525,0.281,104.49,73,22,259,57,23,42,190,73,152,461,365,404,56,36,64
64,1641766,Adama Sanogo,3,0,3,0.0,3.5,85.6,8.3,77.3,0.0,0.167,0.5,0.3,18.797,0.203,104.49,513,533,49,533,520,534,3,1,529,13,2,1,515,162,64
65,1627739,Kris Dunn,56,25,31,0.446,18.4,118.1,116.3,1.7,39.4,0.044,0.122,0.083,12.724,0.134,104.47,139,192,469,344,255,62,425,199,16,239,333,309,56,432,66
66,203110,Draymond Green,39,22,17,0.564,26.5,115.1,111.9,3.2,37.2,0.052,0.224,0.14,15.25,0.157,104.46,291,227,248,221,158,147,253,161,27,208,71,107,515,340,67
67,1629640,Keldon Johnson,60,14,46,0.233,29.6,107.9,116.7,-8.7,15.8,0.049,0.151,0.099,7.985,0.223,104.46,73,312,540,471,101,375,436,443,319,219,210,221,56,125,67
68,1626224,Cedi Osman,63,13,50,0.206,17.4,106.8,120.3,-13.5,21.2,0.022,0.138,0.077,8.333,0.151,104.35,23,324,547,485,270,402,513,504,179,413,262,342,56,361,69
69,204456,T.J. McConnell,54,29,25,0.537,17.7,115.8,114.5,1.3,37.2,0.036,0.147,0.091,10.076,0.219,104.33,160,133,394,261,266,129,360,205,28,300,227,260,56,133,70
70,1641715,Cam Whitmore,38,16,22,0.421,17.8,107.8,111.1,-3.3,3.9,0.048,0.178,0.111,7.848,0.263,104.2,302,289,345,368,262,377,223,335,528,223,146,178,56,50,71
71,1631220,Dereon Seabron,6,3,3,0.5,9.2,116.3,92.8,23.5,24.2,0.023,0.094,0.065,0.0,0.121,104.2,489,464,49,283,421,109,23,14,128,400,446,423,1,482,71
72,1630168,Onyeka Okongwu,53,23,30,0.434,25.8,117.2,117.6,-0.3,13.7,0.113,0.189,0.15,8.694,0.136,104.2,169,215,455,357,169,81,464,256,380,60,128,89,56,418,71
73,1626167,Myles Turner,61,34,27,0.557,27.3,118.9,115.5,3.4,7.5,0.067,0.225,0.147,9.127,0.237,104.18,62,79,415,236,139,42,400,156,513,156,68,96,56,96,74
74,1630587,Isaiah Livers,23,1,22,0.043,20.4,106.1,124.1,-17.9,15.2,0.034,0.084,0.058,9.702,0.126,104.09,386,504,345,532,228,421,531,522,341,309,474,461,56,466,75
75,1629020,Jarred Vanderbilt,29,14,15,0.483,20.0,113.6,109.0,4.7,18.6,0.083,0.188,0.137,14.445,0.115,104.08,353,312,215,313,232,195,139,134,245,115,131,114,56,495,76
76,1630346,Matt Ryan,19,11,8,0.579,18.4,109.7,107.5,2.1,11.1,0.018,0.095,0.057,12.486,0.152,104.08,410,345,122,196,253,327,100,187,451,444,440,467,56,356,76
77,201572,Brook Lopez,62,41,21,0.661,31.2,117.2,109.9,7.3,12.7,0.052,0.124,0.09,6.83,0.154,104.06,41,27,323,96,84,81,166,86,415,209,323,266,56,350,78
78,1641705,Victor Wembanyama,56,13,43,0.232,28.7,107.4,112.4,-5.0,13.7,0.082,0.301,0.193,13.8,0.317,104.06,139,324,533,472,116,385,269,373,382,117,16,32,56,9,78
79,201580,JaVale McGee,39,23,16,0.59,8.0,109.6,113.2,-3.6,7.8,0.131,0.266,0.199,17.23,0.219,104.06,291,215,234,174,442,334,306,347,511,37,32,25,515,133,78
80,1630188,Jalen Smith,45,26,19,0.578,17.8,116.4,118.5,-2.2,11.8,0.103,0.25,0.175,8.887,0.192,104.05,245,176,276,199,265,104,485,303,436,74,46,48,56,196,81
81,203926,Doug McDermott,52,14,38,0.269,14.7,108.5,120.0,-11.5,18.3,0.013,0.06,0.036,7.499,0.149,104.04,179,312,517,451,316,361,508,481,249,488,515,531,56,373,82
82,1630552,Jalen Johnson,48,24,24,0.5,34.0,114.4,115.3,-0.9,18.7,0.04,0.234,0.135,9.397,0.182,104.03,221,204,382,283,43,168,392,273,241,268,58,119,56,226,83
83,1630227,Daishen Nix,11,8,3,0.727,3.3,130.7,103.8,26.9,8.1,0.0,0.037,0.016,8.078,0.26,104.02,455,391,49,41,525,8,59,11,506,514,526,541,56,53,84
84,1641708,Amen Thompson,45,18,27,0.4,19.7,107.7,110.0,-2.2,20.8,0.089,0.21,0.147,13.037,0.179,104.02,245,271,415,380,240,381,173,303,189,102,96,95,56,239,84
85,1627736,Malik Beasley,63,40,23,0.635,29.8,118.8,109.3,9.6,12.5,0.023,0.109,0.068,6.203,0.141,103.99,23,32,365,122,98,44,149,60,417,397,387,397,56,401,86
86,1630170,Devin Vassell,58,13,45,0.224,32.3,107.1,114.5,-7.4,17.8,0.016,0.115,0.065,6.965,0.237,103.97,111,324,538,476,62,396,360,423,262,468,359,420,56,96,87
87,1631323,Simone Fontecchio,62,27,35,0.435,24.2,112.0,114.3,-2.3,14.1,0.044,0.117,0.08,8.958,0.161,103.97,41,164,504,354,189,241,348,305,375,241,351,331,56,329,87
88,1628995,Kevin Knox II,31,4,27,0.129,18.1,109.1,115.8,-6.7,9.6,0.034,0.126,0.076,9.141,0.162,103.92,347,448,415,518,260,348,413,405,483,311,310,348,56,322,89
89,1626156,D'Angelo Russell,61,36,25,0.59,31.9,115.2,113.1,2.0,26.7,0.014,0.085,0.051,8.501,0.23,103.9,62,52,394,173,71,143,303,192,90,477,469,493,56,110,90
90,1630177,Theo Maledon,17,5,12,0.294,12.5,108.7,121.7,-13.0,22.8,0.019,0.109,0.06,14.682,0.18,103.86,421,438,161,439,357,358,522,499,151,434,389,448,56,236,91
91,1629012,Collin Sexton,64,28,36,0.438,25.4,116.2,117.9,-1.7,21.8,0.036,0.073,0.055,8.952,0.27,103.82,9,150,510,351,176,113,469,289,164,296,497,478,56,45,92
92,1630200,Tre Jones,59,13,46,0.22,26.4,110.9,113.4,-2.5,39.0,0.029,0.107,0.069,9.306,0.151,103.8,93,324,540,480,160,272,315,313,18,346,396,396,56,361,93
93,1630699,MarJon Beauchamp,45,29,16,0.644,13.1,113.9,113.8,0.2,13.4,0.043,0.14,0.093,12.036,0.142,103.78,245,133,234,112,348,188,328,236,392,246,256,246,56,394,94
94,1627788,Furkan Korkmaz,35,22,13,0.629,8.6,116.3,111.4,4.9,20.9,0.014,0.098,0.055,8.347,0.131,103.77,323,227,179,127,432,109,234,129,187,475,430,475,56,447,95
95,203469,Cody Zeller,39,23,16,0.59,7.7,116.1,107.0,9.1,28.4,0.148,0.215,0.18,11.826,0.122,103.72,291,215,234,174,447,117,84,63,71,21,89,42,56,477,96
96,1630174,Aaron Nesmith,56,31,25,0.554,27.1,118.3,115.9,2.4,12.1,0.037,0.123,0.08,7.935,0.164,103.69,139,110,394,243,145,55,415,180,422,287,325,326,56,304,97
97,1628380,Zach Collins,52,11,41,0.212,23.3,105.2,117.3,-12.1,19.7,0.078,0.168,0.122,12.973,0.22,103.64,179,345,527,482,200,442,460,488,217,126,165,151,56,129,98
98,201939,Stephen Curry,59,33,26,0.559,32.8,116.2,115.7,0.4,16.6,0.017,0.125,0.072,10.043,0.313,103.61,93,89,404,228,57,113,407,228,296,448,319,367,56,11,99
99,1629232,Kaiser Gates,1,0,1,0.0,7.4,80.2,94.5,-14.2,0.0,0.0,0.1,0.05,0.0,0.22,103.58,542,533,15,533,452,537,25,507,529,514,426,499,1,129,100
100,1641707,Taylor Hendricks,23,10,13,0.435,17.4,110.8,113.6,-2.8,8.6,0.073,0.169,0.121,11.27,0.142,103.57,386,364,179,355,272,275,323,327,502,138,164,152,56,394,101
101,203114,Khris Middleton,43,27,16,0.628,26.3,119.5,112.7,6.8,25.6,0.026,0.142,0.087,10.548,0.234,103.57,259,164,234,128,162,35,284,93,106,371,247,285,56,103,101
102,203076,Anthony Davis,62,35,27,0.565,35.8,114.2,113.7,0.6,14.2,0.101,0.28,0.194,7.787,0.264,103.57,41,67,415,220,10,174,326,222,371,79,24,31,56,47,101
103,1630163,LaMelo Ball,22,7,15,0.318,32.3,111.3,119.5,-8.1,24.2,0.042,0.14,0.088,11.405,0.324,103.56,391,403,215,429,63,263,501,436,130,250,255,278,56,7,104
104,1627741,Buddy Hield,66,35,31,0.53,27.0,116.8,117.1,-0.3,20.5,0.027,0.114,0.069,8.463,0.188,103.49,1,67,469,268,146,94,453,256,197,364,364,384,56,205,105
105,1631108,Max Christie,52,28,24,0.538,15.8,111.3,110.8,0.5,17.0,0.017,0.137,0.081,10.803,0.135,103.48,179,150,382,260,304,263,212,225,282,447,267,319,56,424,106
106,202083,Wesley Matthews,24,6,18,0.25,10.6,109.1,115.6,-6.4,18.0,0.016,0.124,0.069,7.712,0.109,103.48,382,421,259,455,395,348,406,396,257,462,321,394,56,509,106
107,1630577,Julian Champagnie,56,11,45,0.196,17.0,110.9,115.4,-4.5,17.7,0.038,0.133,0.085,8.988,0.146,103.47,139,345,538,490,283,272,394,362,265,280,279,301,56,381,108
108,203507,Giannis Antetokounmpo,62,40,22,0.645,35.0,119.7,112.4,7.3,19.3,0.081,0.264,0.176,10.106,0.327,103.46,41,32,345,110,22,32,269,86,225,120,35,46,56,5,109
109,1628368,De'Aaron Fox,55,32,23,0.582,35.7,115.9,115.2,0.8,17.4,0.028,0.108,0.067,8.243,0.309,103.44,148,99,365,193,13,124,384,216,272,356,392,405,56,13,110
110,1641723,Kobe Bufkin,9,6,3,0.667,9.9,106.1,101.9,4.2,25.5,0.026,0.143,0.086,8.509,0.213,103.43,467,421,49,82,403,421,42,140,108,372,244,288,56,142,111
111,1630198,Isaiah Joe,60,42,18,0.7,18.4,118.6,108.3,10.3,13.5,0.025,0.112,0.069,7.353,0.162,103.42,73,22,259,57,254,50,120,51,387,377,377,388,56,322,112
112,1629629,Cam Reddish,40,22,18,0.55,22.2,110.7,111.4,-0.7,14.9,0.028,0.085,0.057,9.806,0.13,103.4,282,227,259,247,210,279,234,266,347,347,473,466,56,451,113
113,1628983,Shai Gilgeous-Alexander,63,45,18,0.714,34.4,120.8,109.1,11.7,19.8,0.028,0.145,0.089,6.574,0.326,103.39,23,5,259,45,33,21,141,39,215,348,236,272,56,6,114
114,1629013,Landry Shamet,46,6,40,0.13,15.8,109.7,119.4,-9.7,14.3,0.023,0.073,0.046,7.931,0.189,103.37,239,421,523,517,305,327,498,455,368,402,498,511,56,201,115
115,203991,Clint Capela,56,26,30,0.464,25.3,113.4,116.9,-3.5,9.1,0.18,0.245,0.211,8.032,0.167,103.36,139,176,455,327,178,198,446,342,490,10,48,17,56,289,116
116,1628963,Marvin Bagley III,44,4,40,0.091,21.2,109.8,118.3,-8.6,10.4,0.136,0.191,0.162,10.205,0.208,103.33,252,448,523,528,220,318,479,441,465,27,125,73,56,147,117
117,1631110,Jeremy Sochan,64,14,50,0.219,29.6,106.7,114.8,-8.1,20.7,0.066,0.162,0.114,11.472,0.185,103.33,9,312,547,481,103,408,373,436,194,160,180,169,56,213,117
118,1627749,Dejounte Murray,61,27,34,0.443,35.2,115.1,118.4,-3.3,21.0,0.021,0.143,0.079,8.426,0.253,103.32,62,164,494,348,19,147,483,335,182,416,246,337,56,61,119
119,203490,Otto Porter Jr.,15,6,9,0.4,11.6,110.3,109.2,1.2,18.1,0.038,0.146,0.092,4.513,0.086,103.25,435,421,131,380,375,297,146,208,256,281,233,249,1,537,120
120,1628374,Lauri Markkanen,51,22,29,0.431,32.9,117.6,117.0,0.5,9.4,0.075,0.201,0.138,6.102,0.243,103.23,195,227,446,359,56,75,450,225,487,132,106,111,56,84,121
121,1630215,Jared Butler,22,2,20,0.091,8.1,110.5,118.4,-7.9,33.2,0.012,0.084,0.046,11.585,0.206,103.22,391,479,306,528,439,290,483,428,41,497,477,512,56,152,122
122,1630228,Jonathan Kuminga,62,32,30,0.516,25.8,114.2,110.6,3.6,12.3,0.057,0.14,0.1,9.447,0.243,103.22,41,99,455,278,168,174,207,153,418,199,254,219,56,84,122
123,203933,T.J. Warren,3,1,2,0.333,16.8,113.1,96.6,16.5,10.5,0.039,0.13,0.082,10.526,0.136,103.21,513,504,33,413,288,208,28,24,462,273,295,313,56,418,124
124,1628962,Udoka Azubuike,14,10,4,0.714,7.7,111.8,119.3,-7.6,8.9,0.112,0.228,0.168,11.82,0.123,103.19,439,364,64,45,449,246,497,424,496,61,64,63,56,475,125
125,1630180,Saddiq Bey,63,28,35,0.444,32.7,116.8,118.3,-1.6,9.9,0.085,0.133,0.108,5.792,0.166,103.18,23,150,504,345,59,94,479,285,477,113,287,187,56,295,126
126,1630581,Josh Giddey,63,45,18,0.714,24.6,118.2,110.8,7.4,25.7,0.063,0.204,0.136,11.631,0.223,103.17,23,5,259,45,186,59,212,82,104,178,103,115,56,125,127
127,202693,Markieff Morris,19,10,9,0.526,8.6,103.2,116.6,-13.4,14.9,0.026,0.173,0.099,13.557,0.164,103.16,410,364,131,271,431,473,432,502,345,370,159,220,56,304,128
128,1631466,Nate Williams,12,4,8,0.333,6.5,118.6,106.4,12.2,14.6,0.11,0.038,0.074,4.869,0.176,103.16,451,448,122,413,468,50,77,36,355,64,525,352,1,252,128
129,1630207,Nate Hinton,11,6,5,0.545,5.2,118.8,109.1,9.7,19.9,0.056,0.143,0.103,6.623,0.171,103.16,455,421,81,248,486,44,141,58,214,201,244,197,56,278,128
130,1630314,Brandon Williams,12,7,5,0.583,4.9,97.3,114.2,-16.9,28.7,0.045,0.07,0.056,7.17,0.214,103.15,451,403,81,188,494,513,346,518,65,237,501,469,56,140,131
131,1631114,Jalen Williams,58,40,18,0.69,31.6,118.0,109.6,8.3,20.9,0.019,0.116,0.071,7.892,0.232,103.1,111,32,259,68,79,64,154,74,186,430,352,376,56,107,132
132,1641735,Amari Bailey,3,0,3,0.0,4.9,117.5,108.8,8.7,10.1,0.154,0.0,0.083,10.121,0.264,103.1,513,533,49,533,493,76,131,69,470,19,533,310,56,47,132
133,1629631,De'Andre Hunter,40,19,21,0.475,28.3,116.4,118.1,-1.6,8.6,0.021,0.129,0.073,9.142,0.202,103.09,282,256,323,322,124,104,474,285,501,418,301,356,56,165,134
134,1631204,Marcus Sasser,54,8,46,0.148,16.2,110.6,118.2,-7.6,28.4,0.009,0.105,0.055,9.699,0.195,103.09,160,391,540,512,299,284,476,424,70,511,404,479,56,183,134
135,1629111,Jock Landale,38,16,22,0.421,9.3,108.1,102.9,5.2,20.3,0.14,0.117,0.129,8.399,0.129,103.07,302,289,345,368,417,368,48,126,202,24,350,135,56,459,136
136,1629007,Jontay Porter,20,6,14,0.3,12.2,109.0,121.3,-12.3,26.3,0.075,0.196,0.133,10.829,0.167,103.06,405,421,198,434,367,351,521,492,96,134,114,124,56,289,137
137,1626246,Boban Marjanovic,9,5,4,0.556,5.3,100.4,121.1,-20.7,13.5,0.14,0.364,0.253,6.748,0.22,103.04,467,438,64,237,482,497,520,528,386,25,7,5,56,129,138
138,203501,Tim Hardaway Jr.,61,35,26,0.574,28.5,116.1,116.5,-0.4,9.6,0.012,0.121,0.066,5.403,0.234,103.04,62,67,404,205,120,117,429,260,482,494,337,414,56,103,138
139,1627752,Taurean Prince,63,34,29,0.54,28.5,112.6,116.0,-3.4,15.6,0.009,0.103,0.057,8.481,0.134,103.03,23,79,446,259,119,226,418,340,326,506,413,464,56,432,140
140,1627884,Derrick Jones Jr.,59,33,26,0.559,23.7,114.2,114.4,-0.2,10.4,0.049,0.109,0.079,9.528,0.15,103.03,93,89,404,228,195,174,357,252,463,217,386,335,56,367,140
141,202691,Klay Thompson,60,30,30,0.5,29.6,114.3,116.8,-2.5,11.6,0.016,0.109,0.063,7.977,0.235,103.02,73,122,455,283,99,172,442,313,437,460,388,435,56,101,142
142,1628426,Sasha Vezenkov,35,18,17,0.514,12.6,112.8,113.0,-0.2,7.6,0.075,0.147,0.11,5.592,0.175,103.01,323,271,248,279,355,217,298,252,512,133,224,179,56,259,143
143,203482,Kelly Olynyk,62,29,33,0.468,20.9,110.3,117.2,-6.9,34.1,0.071,0.189,0.132,13.01,0.164,102.98,41,133,482,324,221,297,457,408,34,146,130,127,56,304,144
144,1630702,Jaden Hardy,56,31,25,0.554,14.4,110.4,114.3,-3.9,15.9,0.02,0.122,0.069,7.51,0.242,102.98,139,110,394,243,324,296,348,351,313,428,329,390,56,86,144
145,1628385,Harry Giles III,19,8,11,0.421,4.6,112.3,124.1,-11.8,9.4,0.129,0.188,0.156,9.416,0.254,102.94,410,391,156,368,502,234,531,485,486,38,132,80,56,60,146
146,201566,Russell Westbrook,58,38,20,0.655,22.6,116.5,112.5,4.0,25.6,0.068,0.179,0.124,11.782,0.242,102.94,111,40,306,98,205,101,275,143,107,151,145,143,56,86,146
147,203957,Dante Exum,38,22,16,0.579,19.0,122.0,113.1,8.9,28.5,0.03,0.126,0.079,7.59,0.163,102.92,302,227,234,196,246,18,303,68,69,334,309,333,56,312,148
148,1641724,Jett Howard,13,6,7,0.462,3.8,103.1,101.5,1.6,10.4,0.024,0.085,0.057,6.954,0.224,102.92,444,421,110,329,511,475,37,202,464,380,472,468,56,122,148
149,1630688,Ish Wainright,7,1,6,0.143,6.6,79.9,80.7,-0.8,0.0,0.0,0.2,0.089,5.03,0.181,102.9,485,504,96,513,467,539,8,270,529,514,107,273,56,232,150
150,1629060,Rui Hachimura,52,29,23,0.558,25.5,115.2,112.1,3.1,8.9,0.036,0.122,0.081,5.869,0.188,102.88,179,133,365,234,174,143,259,164,495,301,328,320,56,205,151
151,1630165,Killian Hayes,42,7,35,0.167,24.0,106.4,116.8,-10.4,36.5,0.012,0.122,0.066,9.091,0.152,102.88,271,403,504,503,192,415,442,465,31,493,330,413,56,356,151
152,1630559,Austin Reaves,66,36,30,0.545,31.6,113.5,115.2,-1.7,27.2,0.024,0.118,0.073,10.62,0.204,102.88,1,52,455,248,77,196,384,289,83,383,344,359,56,159,151
153,202681,Kyrie Irving,42,25,17,0.595,34.3,118.3,114.6,3.7,17.9,0.024,0.136,0.08,6.036,0.285,102.87,271,192,248,169,34,55,367,151,259,381,271,328,56,31,154
154,1641729,Brice Sensabaugh,14,5,9,0.357,12.2,112.9,120.8,-7.9,11.4,0.032,0.15,0.086,18.19,0.189,102.86,439,438,131,408,369,216,516,428,442,326,214,289,515,201,155
155,1629003,Shake Milton,43,28,15,0.651,12.9,105.9,110.3,-4.5,19.1,0.027,0.106,0.066,10.556,0.182,102.85,259,150,215,105,351,430,186,362,230,362,402,411,56,226,156
156,1629029,Luka Doncic,56,33,23,0.589,37.6,118.2,115.0,3.2,23.6,0.022,0.241,0.133,9.55,0.362,102.83,139,89,365,177,2,59,378,161,141,406,49,125,56,4,157
157,1631093,Jaden Ivey,59,10,49,0.169,28.3,111.5,118.5,-7.0,18.1,0.05,0.091,0.07,12.173,0.244,102.83,93,364,545,502,126,258,485,413,253,215,457,380,56,81,157
158,1630604,E.J. Liddell,8,3,5,0.375,2.9,105.6,112.8,-7.2,10.1,0.0,0.238,0.119,20.243,0.164,102.81,476,464,81,396,535,436,289,419,470,514,52,160,515,304,159
159,1631096,Chet Holmgren,64,45,19,0.703,30.1,118.8,110.1,8.7,15.5,0.063,0.213,0.143,9.264,0.213,102.8,9,5,276,55,93,44,177,69,331,176,93,103,56,142,160
160,203939,Dwight Powell,52,30,22,0.577,14.4,116.9,114.4,2.6,31.8,0.121,0.153,0.137,12.136,0.092,102.8,179,122,345,201,325,90,357,175,46,50,204,113,56,534,160
161,1629010,Jerome Robinson,16,12,4,0.75,3.9,110.6,95.9,14.7,15.4,0.016,0.034,0.025,3.086,0.178,102.79,427,334,64,34,510,284,27,27,335,467,527,537,1,243,162
162,1626158,Richaun Holmes,33,10,23,0.303,11.6,107.8,113.9,-6.0,12.8,0.121,0.21,0.162,10.805,0.14,102.79,339,364,365,433,376,377,334,390,409,51,97,72,56,405,162
163,1629652,Luguentz Dort,62,43,19,0.694,28.4,120.1,110.6,9.5,11.6,0.042,0.102,0.073,7.69,0.15,102.73,41,17,276,62,122,26,207,61,438,257,418,355,56,367,164
164,203992,Bogdan Bogdanovic,62,28,34,0.452,29.6,116.6,114.9,1.7,15.4,0.022,0.102,0.061,6.947,0.225,102.73,41,150,494,339,102,97,375,199,336,411,421,446,56,117,164
165,2544,LeBron James,57,31,26,0.544,35.1,114.9,112.6,2.3,25.3,0.028,0.187,0.112,10.186,0.291,102.7,126,110,404,254,21,154,280,182,110,355,133,173,56,27,166
166,203084,Harrison Barnes,63,36,27,0.571,29.2,113.3,116.9,-3.7,9.7,0.029,0.082,0.054,5.978,0.151,102.69,23,52,415,207,113,202,446,348,480,345,487,483,56,361,167
167,202066,Garrett Temple,16,4,12,0.25,4.3,104.4,115.7,-11.3,17.3,0.072,0.097,0.084,14.434,0.168,102.69,427,448,161,455,504,456,407,479,275,142,435,306,56,283,167
168,1626192,Pat Connaughton,59,38,21,0.644,21.7,116.0,117.0,-1.0,26.8,0.032,0.136,0.084,8.6,0.103,102.67,93,40,323,113,216,120,450,274,86,327,272,305,56,521,169
169,1630231,KJ Martin,47,25,22,0.532,11.5,109.9,113.3,-3.5,16.9,0.049,0.133,0.091,11.902,0.131,102.67,233,192,345,266,378,312,311,342,288,220,281,259,56,447,169
170,1631104,Blake Wesley,43,11,32,0.256,13.3,107.5,115.4,-7.9,38.1,0.02,0.084,0.05,10.968,0.142,102.67,259,345,478,454,344,383,394,428,24,426,478,497,56,394,169
171,1641711,Gradey Dick,43,16,27,0.372,17.4,106.0,116.4,-10.4,14.5,0.028,0.095,0.06,8.025,0.154,102.65,259,289,415,399,274,426,428,465,359,349,438,450,56,350,172
172,1628381,John Collins,60,26,34,0.433,28.3,113.0,120.5,-7.6,8.1,0.089,0.251,0.168,9.992,0.198,102.64,73,176,494,358,127,211,514,424,508,100,45,64,56,173,173
173,1628370,Malik Monk,62,36,26,0.581,26.2,114.0,116.7,-2.6,25.3,0.017,0.113,0.064,10.159,0.252,102.64,41,52,404,195,165,184,436,317,113,458,368,427,56,63,173
174,1630611,Gui Santos,17,11,6,0.647,8.7,111.5,107.7,3.9,17.3,0.107,0.192,0.151,11.006,0.143,102.63,421,345,96,108,429,258,104,144,277,68,122,85,56,389,175
175,203109,Jae Crowder,34,19,15,0.559,24.2,112.4,114.3,-1.9,19.0,0.025,0.139,0.081,6.191,0.11,102.61,332,256,215,232,188,233,348,295,233,378,259,322,56,506,176
176,1629614,Andrew Nembhard,51,30,21,0.588,23.8,114.4,113.6,0.8,30.6,0.028,0.067,0.047,11.886,0.173,102.6,195,122,323,178,194,168,323,216,55,358,504,506,56,268,177
177,1630551,Justin Champagnie,3,0,3,0.0,5.5,105.2,109.2,-4.0,8.3,0.0,0.077,0.034,8.333,0.281,102.6,513,533,49,533,479,442,146,353,505,514,493,532,56,36,177
178,1629162,Jordan McLaughlin,39,23,16,0.59,9.2,103.6,100.7,2.9,38.0,0.03,0.102,0.065,7.718,0.135,102.56,291,215,234,174,418,467,34,169,25,338,420,422,56,424,179
179,1631106,Tari Eason,22,12,10,0.545,21.8,111.8,101.6,10.2,10.8,0.104,0.232,0.169,7.983,0.194,102.54,391,334,147,248,214,246,38,52,457,73,59,61,56,189,180
180,1631105,Jalen Duren,48,10,38,0.208,29.8,108.9,116.9,-8.0,17.4,0.12,0.311,0.216,13.233,0.176,102.51,221,364,517,484,95,355,446,433,273,52,11,13,56,252,181
181,1629875,Xavier Moon,2,2,0,1.0,5.8,83.3,130.3,-47.0,50.0,0.0,0.222,0.105,16.667,0.12,102.48,527,479,1,1,476,536,543,545,5,514,74,193,515,485,182
182,203952,Andrew Wiggins,54,26,28,0.481,26.7,114.1,116.9,-2.8,11.9,0.062,0.108,0.085,8.161,0.202,102.46,160,176,433,315,154,180,446,327,433,184,395,298,56,165,183
183,1629001,De'Anthony Melton,36,23,13,0.639,27.8,119.8,111.2,8.6,20.7,0.03,0.123,0.076,7.334,0.178,102.43,317,215,179,116,131,31,228,71,193,337,324,347,56,243,184
184,201142,Kevin Durant,57,32,25,0.561,37.2,116.9,112.0,4.8,17.5,0.018,0.175,0.102,10.771,0.295,102.37,126,99,394,225,5,90,256,131,269,439,156,206,56,26,185
185,203954,Joel Embiid,34,26,8,0.765,34.0,118.8,109.2,9.7,15.4,0.088,0.27,0.182,10.077,0.392,102.36,332,176,122,30,39,44,146,58,334,108,29,39,56,2,186
186,1630182,Josh Green,51,29,22,0.569,27.2,117.1,118.3,-1.2,22.4,0.03,0.105,0.067,10.088,0.132,102.34,195,133,345,216,143,83,479,281,155,339,407,401,56,441,187
187,1626153,Delon Wright,36,8,28,0.222,14.2,108.1,112.7,-4.6,36.6,0.029,0.104,0.066,4.428,0.132,102.34,317,391,433,477,327,368,284,365,30,343,411,417,1,441,187
188,1641718,Keyonte George,57,24,33,0.421,25.6,109.9,117.2,-7.3,24.9,0.011,0.109,0.06,11.932,0.218,102.33,126,204,482,368,172,312,457,421,121,503,385,449,56,135,189
189,1629669,Jaylen Nowell,9,3,6,0.333,17.3,107.2,107.3,-0.1,20.7,0.021,0.08,0.049,6.467,0.167,102.33,467,464,96,413,275,395,94,250,192,420,490,501,56,289,189
190,1630534,Ochai Agbaji,63,29,34,0.46,19.2,109.8,116.1,-6.4,13.0,0.042,0.095,0.069,10.044,0.133,102.32,23,133,494,332,244,318,421,396,404,254,441,391,56,436,191
191,1627732,Ben Simmons,15,7,8,0.467,23.9,109.9,112.5,-2.6,44.4,0.087,0.268,0.173,13.946,0.128,102.32,435,403,122,325,193,312,275,317,10,110,30,53,56,460,191
192,201565,Derrick Rose,24,6,18,0.25,16.6,103.6,106.3,-2.7,27.3,0.019,0.103,0.06,10.844,0.227,102.3,382,421,259,455,292,467,75,322,81,436,415,447,56,114,193
193,1641765,Olivier-Maxence Prosper,33,19,14,0.576,7.9,106.9,115.5,-8.7,16.8,0.064,0.182,0.118,4.426,0.149,102.3,339,256,198,204,444,400,400,443,290,171,140,162,1,373,193
194,1630217,Desmond Bane,37,14,23,0.378,34.5,106.1,112.7,-6.6,18.6,0.029,0.118,0.072,9.405,0.283,102.25,312,312,365,394,30,421,284,402,243,344,343,362,56,34,195
195,1628972,Troy Brown Jr.,44,28,16,0.636,11.2,110.5,112.2,-1.8,19.4,0.037,0.155,0.098,9.697,0.152,102.25,252,150,234,117,388,290,262,293,221,288,199,227,56,356,195
196,203925,Joe Harris,16,4,12,0.25,10.6,107.4,120.8,-13.4,18.6,0.02,0.066,0.043,7.424,0.109,102.24,427,448,161,455,394,385,516,502,246,425,506,516,56,509,197
197,1629726,Garrison Mathews,48,22,26,0.458,13.1,109.8,114.5,-4.7,12.1,0.024,0.089,0.056,9.041,0.1,102.24,221,227,404,335,349,318,360,368,425,390,462,473,56,526,197
198,1641709,Ausar Thompson,63,10,53,0.159,25.1,107.1,112.5,-5.4,16.3,0.088,0.197,0.14,11.407,0.164,102.23,23,364,553,508,179,396,275,378,305,107,111,106,56,304,199
199,1629630,Ja Morant,9,6,3,0.667,35.3,109.9,109.7,0.2,24.5,0.021,0.153,0.088,9.056,0.305,102.22,467,421,49,82,17,312,158,236,123,414,202,277,56,14,200
200,1630541,Moses Moody,49,26,23,0.531,17.9,111.4,110.4,1.0,8.7,0.063,0.125,0.094,8.192,0.183,102.21,212,176,365,267,261,261,190,213,500,174,320,242,56,223,201
201,1641726,Dereck Lively II,45,26,19,0.578,24.6,121.3,114.8,6.5,14.3,0.122,0.191,0.158,12.095,0.121,102.2,245,176,276,199,185,20,373,102,365,47,123,79,56,482,202
202,204001,Kristaps Porzingis,46,35,11,0.761,29.8,120.4,108.0,12.4,10.2,0.063,0.177,0.125,8.384,0.249,102.18,239,67,156,31,96,24,111,34,469,179,152,142,56,69,203
203,1631197,Jared Rhoden,6,1,5,0.167,7.1,131.1,114.5,16.7,21.2,0.042,0.114,0.085,15.89,0.156,102.18,489,504,81,503,459,7,360,22,180,258,363,302,515,345,203
204,203903,Jordan Clarkson,53,22,31,0.415,30.5,112.8,118.9,-6.1,20.8,0.034,0.094,0.064,10.901,0.262,102.18,169,227,469,375,90,217,492,393,188,315,443,428,56,51,203
205,1629627,Zion Williamson,53,32,21,0.604,30.7,114.5,111.3,3.2,20.2,0.064,0.138,0.101,9.76,0.284,102.16,169,99,323,155,88,165,231,161,204,171,261,209,56,32,206
206,1628467,Maxi Kleber,27,14,13,0.519,21.8,116.5,114.5,2.0,23.7,0.035,0.15,0.094,11.004,0.103,102.14,363,312,179,277,215,101,360,192,140,303,216,241,56,521,207
207,201988,Patty Mills,21,9,12,0.429,11.0,108.4,114.3,-5.9,15.9,0.02,0.091,0.053,10.227,0.132,102.13,397,384,161,361,390,365,348,387,314,422,454,487,56,441,208
208,1630595,Cade Cunningham,53,6,47,0.113,33.8,108.6,117.6,-8.9,24.0,0.017,0.125,0.071,11.166,0.297,102.11,169,421,543,525,46,359,464,447,134,451,312,377,56,24,209
209,1628977,Hamidou Diallo,2,1,1,0.5,2.4,78.7,57.1,21.6,25.0,0.2,0.0,0.133,25.0,0.194,102.06,527,504,15,283,545,541,4,15,115,7,533,122,546,189,210
210,1631102,TyTy Washington Jr.,5,3,2,0.6,4.1,78.3,92.9,-14.5,10.0,0.0,0.056,0.025,20.0,0.188,102.06,501,464,33,159,507,542,24,510,474,514,521,536,515,205,210
211,1626174,Christian Wood,50,28,22,0.56,17.4,110.5,108.6,1.8,12.1,0.055,0.257,0.164,12.365,0.179,102.03,205,150,345,227,271,290,129,198,423,205,39,70,56,239,212
212,201949,James Johnson,6,2,4,0.333,5.3,128.9,113.9,15.0,40.3,0.034,0.15,0.082,13.441,0.116,102.03,489,479,64,413,483,10,334,26,14,307,218,316,56,493,212
213,203994,Jusuf Nurkic,60,37,23,0.617,27.2,119.2,110.2,9.0,23.4,0.126,0.311,0.224,14.095,0.196,102.02,73,47,365,140,142,39,184,65,143,42,12,8,56,180,214
214,1628989,Kevin Huerter,61,35,26,0.574,24.9,116.3,115.1,1.2,20.5,0.028,0.138,0.082,6.55,0.176,101.98,62,67,404,205,183,109,381,208,195,353,260,315,56,252,215
215,1630567,Scottie Barnes,60,22,38,0.367,34.9,111.9,114.6,-2.7,23.0,0.072,0.19,0.129,10.44,0.247,101.98,73,227,517,404,25,244,367,322,148,143,127,132,56,77,215
216,1628988,Aaron Holiday,61,28,33,0.459,16.5,109.5,107.5,1.9,21.9,0.017,0.09,0.053,9.022,0.163,101.98,62,150,482,334,293,338,100,195,163,456,459,485,56,312,215
217,1641748,Andre Jackson Jr.,48,30,18,0.625,10.5,115.9,119.4,-3.5,27.7,0.083,0.132,0.107,13.85,0.099,101.96,221,122,259,132,396,124,498,342,76,116,290,189,56,527,218
218,1628373,Frank Ntilikina,5,0,5,0.0,8.6,116.5,121.7,-5.2,26.9,0.023,0.125,0.071,6.72,0.109,101.95,501,533,81,533,430,101,522,377,85,400,315,368,56,509,219
219,201577,Robin Lopez,16,10,6,0.625,4.0,101.8,114.0,-12.2,15.5,0.048,0.038,0.043,7.728,0.148,101.95,427,364,96,132,508,486,340,489,332,223,524,515,56,376,219
220,1629628,RJ Barrett,52,24,28,0.462,31.5,113.2,115.5,-2.3,14.2,0.029,0.155,0.091,9.007,0.256,101.95,179,204,433,329,80,205,400,305,372,340,198,255,56,59,219
221,203488,Mike Muscala,39,9,30,0.231,13.5,109.0,115.5,-6.5,16.7,0.064,0.16,0.111,8.843,0.139,101.94,291,384,455,473,339,351,400,401,292,170,183,177,56,409,222
222,1631099,Keegan Murray,59,34,25,0.576,32.9,114.7,114.2,0.4,10.5,0.042,0.143,0.091,5.549,0.177,101.93,93,79,394,203,55,159,346,228,460,253,242,254,56,249,223
223,1626171,Bobby Portis,65,42,23,0.646,24.0,117.0,116.0,1.0,8.6,0.077,0.256,0.166,7.207,0.225,101.92,3,22,365,109,191,87,418,213,503,129,41,68,56,117,224
224,1626181,Norman Powell,62,40,22,0.645,25.9,116.6,111.3,5.3,8.1,0.009,0.103,0.057,6.832,0.199,101.89,41,32,345,110,167,97,231,123,507,510,412,465,56,171,225
225,1629599,Amir Coffey,51,36,15,0.706,18.9,115.9,117.0,-1.1,15.9,0.023,0.089,0.056,7.133,0.115,101.88,195,52,215,53,248,124,450,277,316,403,464,471,56,495,226
226,1626220,Royce O'Neale,61,26,35,0.426,25.5,112.2,110.0,2.1,26.4,0.033,0.171,0.101,8.656,0.136,101.88,62,176,504,366,173,239,173,187,94,320,160,208,56,418,226
227,1629626,Bol Bol,26,17,9,0.654,11.2,110.3,105.9,4.4,8.4,0.097,0.216,0.162,8.436,0.173,101.86,371,281,131,103,389,297,72,138,504,88,84,74,56,268,228
228,1629216,Gabe Vincent,5,2,3,0.4,25.5,100.8,103.4,-2.6,30.1,0.017,0.026,0.021,4.01,0.118,101.85,501,479,49,380,175,494,52,317,58,450,531,538,1,488,229
229,1630256,Jae'Sean Tate,54,23,31,0.426,16.9,110.5,105.4,5.1,19.2,0.062,0.146,0.103,9.425,0.113,101.8,160,215,469,367,286,290,67,127,228,185,230,196,56,502,230
230,1627734,Domantas Sabonis,63,36,27,0.571,35.8,115.1,115.9,-0.8,31.0,0.108,0.331,0.216,12.333,0.224,101.8,23,52,415,207,11,147,415,270,51,67,10,12,56,122,230
231,1628401,Derrick White,59,47,12,0.797,32.2,121.5,107.6,13.9,26.7,0.024,0.104,0.067,8.481,0.185,101.79,93,3,161,20,64,19,103,31,88,385,410,407,56,213,232
232,1630703,Scoot Henderson,44,15,29,0.341,27.0,106.2,117.7,-11.4,22.5,0.034,0.094,0.062,13.928,0.253,101.77,252,301,446,412,148,420,466,480,153,310,446,439,56,61,233
233,1630184,Kira Lewis Jr.,19,10,9,0.526,8.0,100.7,103.6,-2.9,23.9,0.032,0.061,0.047,9.107,0.187,101.77,410,364,131,271,440,496,55,331,137,328,513,509,56,210,233
234,1631223,David Roddy,55,18,37,0.327,20.8,103.1,113.2,-10.1,13.6,0.048,0.152,0.098,9.876,0.181,101.76,148,271,513,425,222,475,306,459,383,225,208,226,56,232,235
235,1629023,P.J. Washington,56,16,40,0.286,29.8,111.2,118.2,-6.9,13.0,0.044,0.158,0.098,9.251,0.197,101.76,139,289,523,442,97,267,476,408,403,244,187,224,56,175,235
236,1627759,Jaylen Brown,58,44,14,0.759,33.4,119.5,109.6,9.9,14.5,0.039,0.133,0.089,9.147,0.284,101.76,111,10,198,32,49,35,154,55,360,272,280,271,56,32,235
237,201568,Danilo Gallinari,41,13,28,0.317,13.6,111.6,119.4,-7.8,18.1,0.037,0.175,0.103,6.163,0.178,101.75,275,324,433,430,337,255,498,427,252,289,153,194,56,243,238
238,1626164,Devin Booker,50,31,19,0.62,35.8,118.3,112.8,5.5,21.4,0.023,0.115,0.072,8.085,0.301,101.74,205,110,276,137,12,55,289,120,176,393,354,366,56,20,239
239,1627783,Pascal Siakam,63,27,36,0.429,34.0,115.2,115.2,0.0,19.0,0.051,0.166,0.108,7.607,0.249,101.74,23,164,510,361,42,143,384,244,232,211,172,188,56,69,239
240,1641717,Cason Wallace,64,45,19,0.703,20.4,115.9,109.9,6.0,18.9,0.036,0.085,0.062,6.441,0.127,101.73,9,5,276,55,227,124,166,109,234,297,468,437,56,462,241
241,1626168,Trey Lyles,48,28,20,0.583,20.0,117.0,112.6,4.4,14.7,0.058,0.191,0.126,8.295,0.141,101.7,221,150,306,188,234,87,280,138,350,195,124,139,56,401,242
242,1628960,Grayson Allen,58,34,24,0.586,33.6,117.5,113.7,3.8,22.1,0.022,0.104,0.066,9.274,0.14,101.68,111,79,382,183,47,76,326,149,161,405,409,415,56,405,243
243,1629022,Lonnie Walker IV,44,20,24,0.455,18.2,114.8,111.5,3.3,11.5,0.013,0.121,0.067,8.281,0.249,101.67,252,247,382,336,259,157,240,157,440,487,338,410,56,69,244
244,1629637,Jaxson Hayes,55,31,24,0.564,11.5,111.1,113.9,-2.8,11.8,0.091,0.15,0.123,13.75,0.125,101.67,148,110,382,222,377,269,334,327,435,96,213,147,56,471,244
245,202709,Cory Joseph,26,10,16,0.385,11.4,115.4,117.2,-1.8,34.7,0.021,0.094,0.056,9.911,0.112,101.66,371,364,234,389,380,140,457,293,33,415,442,470,56,503,246
246,1631117,Walker Kessler,52,25,27,0.481,23.3,111.3,114.4,-3.1,10.5,0.126,0.216,0.173,12.138,0.135,101.63,179,192,415,318,198,263,357,333,461,40,85,55,56,424,247
247,1629057,Robert Williams III,6,2,4,0.333,19.8,102.2,113.3,-11.1,11.9,0.089,0.265,0.168,16.683,0.13,101.62,489,479,64,413,235,483,311,475,430,104,34,65,515,451,248
248,1631101,Shaedon Sharpe,32,8,24,0.25,33.1,103.6,114.0,-10.3,14.4,0.042,0.135,0.085,11.037,0.224,101.61,343,391,382,455,52,467,340,464,362,258,274,300,56,122,249
249,201569,Eric Gordon,53,31,22,0.585,29.5,115.6,112.3,3.3,16.1,0.012,0.064,0.04,8.809,0.17,101.6,169,110,345,186,104,133,265,157,309,495,510,524,56,280,250
250,1631218,Trayce Jackson-Davis,50,27,23,0.54,13.5,114.3,112.1,2.2,14.2,0.127,0.194,0.16,9.849,0.172,101.55,205,164,365,258,342,172,259,184,373,39,121,77,56,273,251
251,1630641,Ibou Badji,18,5,13,0.278,11.3,94.3,112.8,-18.4,25.8,0.102,0.175,0.136,27.778,0.079,101.52,418,438,179,448,384,519,289,523,102,78,155,116,546,540,252
252,1641764,Brandin Podziemski,55,28,27,0.509,26.8,117.5,111.6,6.0,27.7,0.064,0.165,0.116,8.848,0.16,101.52,148,150,415,282,152,76,246,109,77,169,174,165,56,333,252
253,1627751,Jakob Poeltl,50,21,29,0.42,26.4,112.6,113.0,-0.4,20.2,0.122,0.239,0.18,12.24,0.162,101.52,205,240,446,372,159,226,298,260,203,49,51,41,56,322,252
254,1629018,Gary Trent Jr.,59,22,37,0.373,27.3,112.7,115.8,-3.1,11.0,0.013,0.088,0.049,4.894,0.188,101.49,93,227,513,398,137,222,413,333,453,486,466,500,1,205,255
255,1629659,Talen Horton-Tucker,41,11,30,0.268,19.6,112.3,116.1,-3.8,25.0,0.027,0.113,0.07,8.993,0.239,101.48,275,345,455,452,241,234,421,349,114,365,367,383,56,91,256
256,1630224,Jalen Green,64,29,35,0.453,30.8,110.2,112.6,-2.4,14.6,0.015,0.151,0.083,9.483,0.272,101.46,9,133,504,338,87,302,280,308,357,473,211,312,56,44,257
257,1628991,Jaren Jackson Jr.,57,19,38,0.333,32.0,104.9,111.5,-6.6,8.7,0.041,0.157,0.097,9.73,0.305,101.46,126,256,517,413,70,447,240,402,499,261,192,234,56,14,257
258,1630209,Omer Yurtseven,35,15,20,0.429,9.1,103.7,116.6,-12.8,11.3,0.144,0.292,0.214,17.655,0.164,101.45,323,301,306,361,423,464,432,497,443,22,18,16,515,304,259
259,1628415,Dillon Brooks,55,25,30,0.455,31.3,110.2,111.0,-0.7,11.4,0.027,0.094,0.061,8.632,0.177,101.45,148,192,455,336,82,302,219,266,441,363,444,443,56,249,259
260,203078,Bradley Beal,35,21,14,0.6,32.6,115.6,113.2,2.5,20.1,0.032,0.11,0.073,10.86,0.244,101.45,323,240,198,159,60,133,306,178,206,325,381,361,56,81,259
261,1630591,Jalen Suggs,58,33,25,0.569,26.6,110.7,110.5,0.2,17.3,0.029,0.115,0.071,12.891,0.197,101.45,111,89,394,215,156,279,197,236,276,342,356,372,56,175,259
262,1627863,Danuel House Jr.,34,21,13,0.618,15.0,109.8,108.5,1.3,16.3,0.033,0.09,0.061,11.031,0.12,101.43,332,240,179,138,313,318,125,205,307,316,461,442,56,485,263
263,1629006,Josh Okogie,54,33,21,0.611,17.1,112.5,110.6,1.9,18.3,0.091,0.092,0.091,9.763,0.127,101.43,160,89,323,148,281,231,207,195,248,94,452,253,56,462,263
264,201145,Jeff Green,60,27,33,0.45,16.3,108.5,111.0,-2.5,13.3,0.039,0.103,0.071,10.224,0.15,101.4,73,164,482,340,298,361,219,313,396,275,414,373,56,367,265
265,202692,Alec Burks,55,11,44,0.2,19.7,108.1,119.2,-11.0,11.1,0.021,0.115,0.066,6.058,0.241,101.4,148,345,537,489,239,368,494,472,450,419,355,416,56,88,265
266,1641721,Maxwell Lewis,23,11,12,0.478,3.3,77.8,111.4,-33.6,13.6,0.014,0.025,0.02,31.818,0.109,101.37,386,345,161,320,527,543,234,539,384,480,532,539,546,509,267
267,1627885,Shaquille Harrison,3,1,2,0.333,2.0,50.0,128.8,-78.8,0.0,0.0,0.5,0.2,0.0,0.167,101.36,513,504,33,413,549,548,539,550,529,514,2,23,1,289,268
268,202330,Gordon Hayward,35,15,20,0.429,27.2,110.9,117.9,-7.0,23.7,0.035,0.135,0.084,9.801,0.192,101.32,323,301,306,361,140,272,469,413,139,304,276,304,56,196,269
269,1630191,Isaiah Stewart,41,7,34,0.171,30.9,110.2,114.3,-4.1,13.2,0.062,0.185,0.124,12.239,0.15,101.29,275,403,494,501,86,302,348,356,399,182,138,144,56,367,270
270,1641710,Anthony Black,59,32,27,0.542,18.4,106.8,107.8,-1.0,21.6,0.033,0.112,0.072,13.033,0.123,101.27,93,99,415,256,252,402,105,274,174,318,378,365,56,475,271
271,1631109,Mark Williams,19,7,12,0.368,26.8,114.7,114.0,0.7,10.1,0.155,0.235,0.194,7.792,0.163,101.25,410,403,161,402,153,159,340,218,473,18,54,30,56,312,272
272,1631230,Dominick Barlow,26,5,21,0.192,13.5,115.6,118.5,-2.9,20.1,0.111,0.182,0.144,3.342,0.144,101.24,371,438,323,491,343,133,485,331,208,62,139,102,1,387,273
273,202711,Bojan Bogdanovic,39,7,32,0.179,30.3,109.3,122.4,-13.1,10.7,0.017,0.106,0.06,10.324,0.249,101.24,291,403,478,495,91,342,524,500,458,454,399,453,56,69,273
274,1630560,Cam Thomas,50,18,32,0.36,29.8,110.6,115.7,-5.1,11.3,0.014,0.097,0.054,7.365,0.303,101.17,205,271,478,407,94,284,407,375,445,478,434,484,56,19,275
275,1631311,Lester Quinones,29,17,12,0.586,12.2,109.3,109.8,-0.5,16.6,0.059,0.144,0.1,9.143,0.168,101.13,353,281,161,183,368,342,161,263,297,192,240,213,56,283,276
276,1641722,Jordan Hawkins,55,33,22,0.6,19.5,113.0,114.1,-1.1,11.5,0.028,0.115,0.071,6.738,0.197,101.11,148,89,345,159,242,211,344,277,439,357,357,378,56,175,277
277,1626162,Kelly Oubre Jr.,51,29,22,0.569,29.3,112.7,115.0,-2.4,7.9,0.049,0.128,0.087,6.911,0.214,101.11,195,133,345,216,109,222,378,308,509,221,305,282,56,140,277
278,1629642,Nassir Little,34,21,13,0.618,12.5,106.0,111.1,-5.0,12.9,0.036,0.14,0.09,8.796,0.131,101.11,332,240,179,138,358,426,223,373,407,294,251,267,56,447,277
279,1630526,Jeremiah Robinson-Earl,27,15,12,0.556,9.7,106.1,112.3,-6.2,11.0,0.068,0.163,0.116,12.048,0.142,101.1,363,301,161,237,411,421,265,395,452,152,179,164,56,394,280
280,1630193,Immanuel Quickley,59,26,33,0.441,28.7,113.5,112.9,0.6,22.2,0.009,0.129,0.069,6.673,0.234,101.09,93,176,482,350,118,196,296,222,160,507,300,393,56,103,281
281,1631124,Julian Strawther,40,27,13,0.675,12.4,105.7,117.5,-11.8,15.6,0.008,0.105,0.055,6.296,0.195,101.09,282,164,179,77,362,434,462,485,329,512,408,476,56,183,281
282,202687,Bismack Biyombo,35,17,18,0.486,21.4,108.4,112.8,-4.4,22.4,0.089,0.201,0.146,16.869,0.105,101.07,323,281,259,309,218,365,289,361,156,101,104,98,515,519,283
283,1629680,Matisse Thybulle,60,17,43,0.283,23.3,106.7,113.5,-6.9,18.7,0.023,0.084,0.052,8.63,0.107,101.06,73,281,533,445,197,408,320,408,242,398,475,491,56,515,284
284,203458,Alex Len,29,14,15,0.483,8.7,117.9,103.7,14.2,24.2,0.135,0.228,0.179,16.747,0.135,101.05,353,312,215,313,427,68,57,30,129,28,66,43,515,424,285
285,1630533,Ziaire Williams,51,20,31,0.392,20.3,101.1,112.6,-11.6,13.6,0.035,0.155,0.093,11.957,0.197,101.02,195,247,469,386,229,492,280,484,385,306,196,245,56,175,286
286,1630230,Naji Marshall,52,34,18,0.654,18.9,118.5,108.0,10.6,21.8,0.056,0.153,0.106,11.518,0.168,101.01,179,79,259,103,249,53,111,47,167,200,205,192,56,283,287
287,1629684,Grant Williams,60,30,30,0.5,27.4,111.8,113.8,-1.9,16.9,0.044,0.119,0.081,11.672,0.148,101.01,73,122,455,283,136,246,328,295,285,243,340,325,56,376,287
288,203552,Seth Curry,44,25,19,0.568,14.0,110.3,107.4,2.9,15.6,0.032,0.089,0.061,7.43,0.167,100.96,252,192,276,218,332,297,98,169,328,324,463,444,56,289,289
289,1628378,Donovan Mitchell,47,32,15,0.681,35.7,115.8,105.8,10.1,19.1,0.028,0.134,0.082,9.045,0.314,100.96,233,99,215,73,14,129,69,53,229,354,277,314,56,10,289
290,1629675,Naz Reid,65,44,21,0.677,23.5,110.5,103.5,7.0,8.7,0.047,0.178,0.116,9.695,0.22,100.96,3,10,323,75,196,290,53,91,498,229,148,166,56,129,289
291,101108,Chris Paul,39,20,19,0.513,26.9,114.2,110.0,4.2,43.2,0.012,0.137,0.075,7.175,0.149,100.95,291,247,276,280,151,174,173,140,11,490,265,351,56,373,292
292,1627747,Caris LeVert,52,32,20,0.615,28.0,114.4,109.9,4.5,24.4,0.021,0.133,0.077,7.929,0.233,100.94,179,99,306,141,130,168,166,137,125,417,284,344,56,106,293
293,1630214,Xavier Tillman,38,17,21,0.447,19.7,103.4,108.0,-4.6,18.1,0.079,0.167,0.12,8.74,0.157,100.88,302,281,323,342,237,471,111,365,254,125,167,156,56,340,294
294,203967,Dario Saric,60,32,28,0.533,17.8,112.7,114.6,-1.9,22.3,0.073,0.214,0.143,11.529,0.194,100.88,73,99,433,264,264,222,367,295,157,140,92,104,56,189,294
295,1627832,Fred VanVleet,57,28,29,0.491,36.8,111.7,108.8,2.8,32.7,0.012,0.097,0.054,6.951,0.193,100.86,126,150,446,306,7,251,131,172,42,496,436,480,56,194,296
296,203486,Mason Plumlee,29,19,10,0.655,16.7,119.3,115.4,3.9,18.7,0.107,0.273,0.195,11.418,0.142,100.85,353,256,147,98,291,37,394,144,240,71,27,29,56,394,297
297,1631119,Jaylin Williams,52,37,15,0.712,12.6,116.6,106.0,10.5,25.0,0.05,0.24,0.147,7.344,0.136,100.83,179,47,215,50,353,97,73,50,118,214,50,97,56,418,298
298,1629026,Kenrich Williams,52,38,14,0.731,14.3,119.3,106.6,12.7,23.1,0.063,0.162,0.115,7.107,0.13,100.81,179,40,198,39,326,37,79,32,147,175,181,167,56,451,299
299,1629622,Max Strus,60,39,21,0.65,32.2,113.9,106.6,7.3,23.1,0.03,0.128,0.08,9.157,0.17,100.81,73,36,323,106,65,188,79,86,146,336,303,330,56,280,299
300,1631095,Jabari Smith Jr.,59,28,31,0.475,32.1,109.9,112.3,-2.4,10.4,0.065,0.217,0.141,8.38,0.174,100.81,93,150,469,323,68,312,265,308,466,164,81,105,56,266,299
301,1630178,Tyrese Maxey,55,35,20,0.636,37.4,117.1,113.4,3.7,20.5,0.017,0.095,0.056,5.585,0.278,100.79,148,67,306,117,4,83,315,151,198,453,439,472,56,38,302
302,203937,Kyle Anderson,62,43,19,0.694,22.3,109.6,105.8,3.8,36.1,0.039,0.136,0.089,10.985,0.141,100.77,41,17,276,62,208,334,69,149,32,277,273,270,56,401,303
303,1630596,Evan Mobley,38,24,14,0.632,31.1,109.8,107.0,2.8,17.3,0.087,0.256,0.175,10.863,0.205,100.77,302,204,198,124,85,318,84,172,279,109,40,47,56,156,303
304,202699,Tobias Harris,58,35,23,0.603,34.1,116.4,111.6,4.8,16.3,0.036,0.169,0.102,6.96,0.206,100.77,111,67,365,156,38,104,246,131,304,295,163,202,56,152,303
305,202397,Ish Smith,43,6,37,0.14,17.2,101.8,118.6,-16.8,41.2,0.015,0.109,0.057,13.361,0.122,100.76,259,421,513,516,277,486,490,517,13,470,389,463,56,477,306
306,1630631,Jose Alvarado,43,29,14,0.674,17.2,118.0,103.3,14.7,21.7,0.024,0.113,0.069,8.469,0.182,100.76,259,133,198,78,278,64,51,27,170,382,370,389,56,226,306
307,1641720,Jalen Hood-Schifino,21,10,11,0.476,5.2,91.4,114.9,-23.5,11.3,0.02,0.107,0.063,12.712,0.251,100.76,397,364,156,321,487,526,375,532,443,427,398,430,56,65,306
308,1631241,Javon Freeman-Liberty,6,1,5,0.167,9.8,107.1,123.2,-16.1,17.3,0.035,0.148,0.093,10.359,0.176,100.74,489,504,81,503,410,396,529,515,278,305,223,243,56,252,309
309,1629685,Dylan Windler,11,6,5,0.545,3.2,116.6,99.7,17.0,38.9,0.0,0.103,0.061,0.0,0.146,100.71,455,421,81,248,530,97,31,20,19,514,417,445,1,381,310
310,203493,Reggie Bullock Jr.,26,12,14,0.462,8.7,109.3,113.8,-4.5,14.6,0.014,0.15,0.083,8.767,0.109,100.7,371,334,198,329,428,342,328,362,354,474,219,311,56,509,311
311,1628464,Daniel Theis,48,34,14,0.708,17.2,115.9,112.8,3.1,14.3,0.095,0.163,0.129,9.824,0.152,100.69,221,79,198,51,280,124,289,164,366,91,178,133,56,356,312
312,1641739,Toumani Camara,60,18,42,0.3,24.1,105.0,110.6,-5.6,11.9,0.084,0.147,0.113,12.989,0.139,100.69,73,271,532,434,190,446,207,382,432,114,226,170,56,409,312
313,1630578,Alperen Sengun,63,29,34,0.46,32.5,112.0,111.8,0.2,19.4,0.096,0.215,0.155,10.057,0.273,100.66,23,133,494,332,61,241,250,236,222,89,90,82,56,43,314
314,1630201,Malachi Flynn,54,26,28,0.481,11.3,105.7,112.4,-6.8,26.2,0.022,0.125,0.071,12.343,0.175,100.64,160,176,433,315,386,434,269,406,97,412,311,371,56,259,315
315,1631222,Jake LaRavia,20,3,17,0.15,16.8,98.2,108.8,-10.6,12.9,0.076,0.121,0.098,8.586,0.205,100.63,405,464,248,511,290,505,131,469,406,130,335,225,56,156,316
316,1626166,Cameron Payne,60,35,25,0.583,16.3,114.8,114.5,0.3,26.7,0.013,0.079,0.046,7.856,0.185,100.62,73,67,394,188,297,157,360,233,87,482,491,510,56,213,317
317,203468,CJ McCollum,48,32,16,0.667,31.3,115.8,111.8,3.9,20.1,0.02,0.133,0.077,7.217,0.239,100.59,221,99,234,82,83,129,250,144,205,421,286,344,56,91,318
318,1641712,Rayan Rupert,22,5,17,0.227,9.5,102.8,111.1,-8.4,20.3,0.061,0.14,0.096,11.179,0.155,100.58,391,438,248,475,414,479,223,438,201,186,252,236,56,348,319
319,1630529,Herbert Jones,59,37,22,0.627,29.4,116.2,108.9,7.4,19.9,0.041,0.094,0.068,9.628,0.146,100.57,93,47,345,131,107,113,137,82,213,265,445,398,56,381,320
320,1626172,Kevon Looney,61,33,28,0.541,16.9,114.6,116.5,-1.9,31.4,0.132,0.251,0.191,11.227,0.11,100.57,62,89,433,257,285,163,429,295,48,34,44,35,56,506,320
321,1627763,Malcolm Brogdon,39,15,24,0.385,28.7,109.7,113.1,-3.4,26.1,0.027,0.123,0.074,7.308,0.232,100.57,291,301,382,389,117,327,303,340,100,360,326,354,56,107,320
322,1631172,Ousmane Dieng,30,18,12,0.6,11.3,110.0,107.9,2.1,20.7,0.032,0.126,0.079,10.06,0.163,100.54,350,271,161,159,387,308,107,187,190,321,308,336,56,312,323
323,1628384,OG Anunoby,41,23,18,0.561,34.2,116.0,107.0,9.0,13.9,0.031,0.101,0.067,9.254,0.176,100.54,275,215,259,226,37,120,84,65,378,330,424,406,56,252,323
324,1631246,Vince Williams Jr.,52,18,34,0.346,27.6,106.3,110.5,-4.2,24.9,0.044,0.185,0.112,13.083,0.158,100.49,179,271,494,410,133,418,197,359,120,240,137,174,56,335,325
325,1630598,Aaron Wiggins,61,44,17,0.721,14.6,115.8,109.0,6.8,14.9,0.062,0.114,0.089,10.264,0.158,100.48,62,10,248,44,320,129,139,93,348,181,366,269,56,335,326
326,1626204,Larry Nance Jr.,46,27,19,0.587,18.8,113.3,107.0,6.2,24.3,0.09,0.209,0.151,12.984,0.115,100.48,239,164,276,182,250,202,84,106,126,99,98,87,56,495,326
327,204060,Joe Ingles,51,32,19,0.627,17.3,114.1,111.1,3.0,38.4,0.024,0.128,0.076,11.761,0.118,100.43,195,99,276,129,276,180,223,166,22,384,306,346,56,488,328
328,201587,Nicolas Batum,43,26,17,0.605,24.5,118.6,111.9,6.7,30.9,0.055,0.125,0.09,8.959,0.085,100.42,259,176,248,153,187,50,253,96,54,204,313,261,56,538,329
329,1630558,Davion Mitchell,53,31,22,0.585,13.6,108.5,115.5,-7.0,27.2,0.014,0.076,0.044,9.067,0.147,100.42,169,110,345,186,338,361,400,413,82,479,494,513,56,379,329
330,203915,Spencer Dinwiddie,60,27,33,0.45,29.4,115.3,114.7,0.6,31.5,0.016,0.089,0.052,7.183,0.173,100.42,73,164,482,340,105,141,371,222,47,463,465,492,56,268,329
331,1629667,Jalen McDaniels,36,10,26,0.278,9.0,104.7,113.3,-8.7,12.7,0.032,0.141,0.085,12.041,0.181,100.42,317,364,404,448,424,449,311,443,414,323,250,295,56,232,329
332,1628369,Jayson Tatum,60,47,13,0.783,35.9,120.0,108.3,11.6,16.5,0.028,0.215,0.127,8.602,0.301,100.42,73,3,179,22,9,27,120,41,298,352,86,138,56,20,329
333,1631257,Jermaine Samuels Jr.,11,6,5,0.545,4.8,109.2,122.8,-13.6,14.4,0.043,0.205,0.122,0.0,0.096,100.37,455,421,81,248,497,345,525,506,362,245,101,150,1,529,334
334,1629638,Nickeil Alexander-Walker,65,44,21,0.677,23.3,112.6,105.2,7.4,25.6,0.023,0.072,0.049,9.303,0.143,100.36,3,10,323,75,199,226,65,82,105,396,499,502,56,389,335
335,1629052,Oshae Brissett,40,33,7,0.825,10.7,116.3,109.6,6.6,17.4,0.091,0.178,0.134,7.295,0.144,100.35,282,89,110,18,393,109,154,100,271,95,149,120,56,387,336
336,203944,Julius Randle,46,29,17,0.63,35.4,116.8,113.2,3.6,16.9,0.069,0.219,0.145,11.718,0.291,100.35,239,133,248,126,15,94,306,153,286,150,78,99,56,27,336
337,1630696,Dru Smith,9,7,2,0.778,14.5,98.0,110.4,-12.4,26.5,0.045,0.066,0.055,9.455,0.13,100.35,467,403,33,23,322,506,190,493,92,235,508,477,56,451,336
338,1631200,Kris Murray,43,9,34,0.209,16.8,106.0,109.8,-3.9,17.0,0.059,0.131,0.092,10.26,0.135,100.33,259,384,494,483,289,426,161,351,283,191,294,251,56,424,339
339,1631123,Jamaree Bouyea,6,0,6,0.0,9.5,80.1,102.7,-22.6,21.6,0.031,0.178,0.092,21.622,0.207,100.32,489,533,96,533,413,538,47,531,171,331,150,252,515,149,340
340,1630556,Kessler Edwards,39,24,15,0.615,4.9,103.6,107.0,-3.3,13.7,0.027,0.152,0.085,1.523,0.13,100.31,291,204,215,141,495,467,84,335,381,366,207,297,1,451,341
341,1630700,Dyson Daniels,52,30,22,0.577,21.9,117.3,110.5,6.7,29.2,0.05,0.137,0.094,11.159,0.126,100.3,179,122,345,201,213,79,197,96,61,213,266,240,56,466,342
342,1630181,R.J. Hampton,8,3,5,0.375,9.5,114.9,107.2,7.7,30.9,0.031,0.051,0.042,11.592,0.101,100.29,476,464,81,396,415,154,92,78,53,331,522,519,56,523,343
343,1629723,John Konchar,49,16,33,0.327,20.0,103.7,110.1,-6.4,28.9,0.066,0.186,0.123,11.546,0.098,100.26,212,289,482,426,233,464,177,396,64,161,134,148,56,528,344
344,203924,Jerami Grant,53,17,36,0.321,33.9,106.1,115.1,-9.0,12.1,0.022,0.101,0.06,9.224,0.262,100.24,169,281,510,427,45,421,381,448,421,404,422,451,56,51,345
345,1629002,Chimezie Metu,37,22,15,0.595,12.1,111.3,113.4,-2.1,9.7,0.07,0.217,0.148,13.852,0.175,100.21,312,227,215,170,370,263,315,302,479,148,83,92,56,259,346
346,1628449,Chris Boucher,50,16,34,0.32,14.1,115.3,112.4,2.9,7.5,0.096,0.228,0.161,9.077,0.172,100.17,205,289,494,428,330,141,269,169,515,90,65,75,56,273,347
347,1630538,Bones Hyland,25,15,10,0.6,13.5,107.4,110.7,-3.3,21.0,0.01,0.064,0.037,11.337,0.24,100.14,378,301,147,159,341,385,211,335,184,505,509,530,56,90,348
348,201950,Jrue Holiday,58,45,13,0.776,33.2,119.6,109.8,9.8,27.7,0.044,0.131,0.09,10.738,0.166,100.13,111,5,179,26,50,34,161,56,74,242,292,262,56,295,349
349,1631094,Paolo Banchero,63,36,27,0.571,34.9,110.0,111.0,-1.1,17.8,0.035,0.195,0.113,10.611,0.297,100.13,23,52,415,207,24,308,219,277,263,302,119,171,56,24,349
350,1641706,Brandon Miller,57,14,43,0.246,32.1,107.6,116.6,-9.1,11.9,0.028,0.122,0.073,9.216,0.235,100.12,126,312,533,467,69,382,432,450,431,350,332,357,56,101,351
351,1630550,JT Thor,49,12,37,0.245,12.6,107.4,111.7,-4.2,10.3,0.065,0.139,0.101,7.038,0.115,100.09,212,334,513,469,354,385,249,359,467,167,257,212,56,495,352
352,1627742,Brandon Ingram,58,35,23,0.603,33.2,116.0,111.2,4.8,21.8,0.024,0.147,0.087,9.812,0.275,100.08,111,67,365,156,51,120,228,131,166,386,225,287,56,40,353
353,1629731,Dean Wade,54,36,18,0.667,20.5,113.0,102.2,10.8,14.0,0.037,0.178,0.108,6.527,0.104,100.07,160,52,259,82,226,211,44,45,376,286,147,186,56,520,354
354,1629308,Juan Toscano-Anderson,11,7,4,0.636,4.8,102.2,104.5,-2.4,22.2,0.075,0.182,0.13,11.111,0.112,100.06,455,403,64,117,498,483,62,308,158,131,140,130,56,503,355
355,1629139,Yuta Watanabe,34,18,16,0.529,13.7,106.8,115.2,-8.5,9.5,0.027,0.098,0.064,12.065,0.133,100.06,332,271,234,269,335,402,384,440,484,359,433,426,56,436,355
356,1630222,Mason Jones,1,0,1,0.0,13.0,99.3,63.0,36.3,50.8,0.071,0.231,0.148,0.0,0.12,100.06,542,533,15,533,350,502,6,7,4,144,61,93,1,485,355
357,1630549,Day'Ron Sharpe,48,20,28,0.417,15.5,114.2,108.5,5.8,17.8,0.186,0.273,0.23,12.387,0.186,100.05,221,247,433,373,309,174,125,114,260,9,28,7,56,211,358
358,1631165,Keon Ellis,38,23,15,0.605,12.0,118.0,115.4,2.6,27.0,0.041,0.094,0.067,10.469,0.127,100.04,302,215,215,151,374,64,394,175,84,262,448,403,56,462,359
359,203648,Thanasis Antetokounmpo,27,18,9,0.667,4.7,104.5,111.1,-6.6,26.6,0.067,0.034,0.048,22.504,0.13,100.04,363,271,131,82,500,455,223,402,91,154,528,504,515,451,359
360,1631133,Jabari Walker,57,16,41,0.281,22.1,106.4,116.3,-9.9,9.3,0.1,0.25,0.17,9.815,0.164,100.04,126,289,527,446,211,415,425,457,489,80,47,59,56,304,359
361,1630531,Jaden Springer,38,23,15,0.605,10.5,109.4,115.2,-5.9,17.7,0.075,0.099,0.087,13.238,0.183,100.01,302,215,215,151,397,340,384,387,267,135,428,286,56,223,362
362,1628379,Luke Kennard,33,12,21,0.364,24.9,105.2,115.4,-10.2,24.0,0.012,0.115,0.063,9.445,0.168,100.01,339,334,323,405,182,442,394,462,133,492,360,434,56,283,362
363,1628969,Mikal Bridges,65,26,39,0.4,35.4,110.8,113.4,-2.6,15.4,0.024,0.125,0.073,8.571,0.252,100.0,3,176,521,380,16,275,315,317,337,391,314,360,56,63,364
364,1630537,Chris Duarte,43,25,18,0.581,13.2,111.8,114.5,-2.7,15.7,0.036,0.129,0.081,8.973,0.142,99.99,259,192,259,194,346,246,360,322,324,299,299,323,56,394,365
365,1630530,Trey Murphy III,39,25,14,0.641,27.1,116.9,105.2,11.7,13.3,0.027,0.139,0.085,3.332,0.192,99.99,291,192,198,114,144,90,65,39,395,368,258,303,1,196,365
366,1630532,Franz Wagner,57,34,23,0.596,33.1,110.6,107.0,3.5,16.4,0.034,0.159,0.096,8.759,0.26,99.98,126,79,365,168,53,284,84,155,299,308,184,235,56,53,367
367,1628970,Miles Bridges,53,13,40,0.245,37.4,106.8,117.7,-11.0,13.4,0.028,0.204,0.112,8.264,0.249,99.98,169,324,523,468,3,402,466,472,389,351,102,172,56,69,367
368,1628392,Isaiah Hartenstein,58,35,23,0.603,25.0,116.4,110.5,5.9,25.3,0.15,0.223,0.187,13.339,0.11,99.97,111,67,365,156,180,104,197,112,111,20,73,38,56,506,369
369,1630162,Anthony Edwards,62,42,20,0.677,35.1,115.0,106.0,9.0,16.3,0.02,0.141,0.085,10.127,0.324,99.96,41,22,306,74,20,151,73,65,303,423,249,296,56,7,370
370,1628386,Jarrett Allen,59,39,20,0.661,31.6,115.6,108.3,7.3,16.4,0.122,0.255,0.19,9.922,0.193,99.95,93,36,306,97,78,133,120,86,300,48,43,37,56,194,371
371,1629234,Drew Eubanks,58,31,27,0.534,15.9,106.9,112.7,-5.8,14.9,0.099,0.195,0.149,15.533,0.137,99.94,111,110,415,263,301,400,284,385,344,84,120,90,515,413,372
372,1629639,Tyler Herro,36,19,17,0.528,33.6,111.2,111.3,-0.2,17.2,0.016,0.158,0.086,8.39,0.275,99.92,317,256,248,270,48,267,231,252,280,465,186,292,56,40,373
373,1629021,Moritz Wagner,63,36,27,0.571,18.3,112.8,110.5,2.3,11.2,0.103,0.199,0.151,11.221,0.226,99.92,23,52,415,207,257,217,197,182,446,76,110,86,56,116,373
374,202685,Jonas Valanciunas,64,39,25,0.609,24.9,117.8,112.0,5.8,15.6,0.119,0.302,0.214,9.914,0.206,99.91,9,36,394,150,181,70,256,114,327,53,15,15,56,152,375
375,1628365,Markelle Fultz,27,15,12,0.556,22.3,108.0,107.3,0.7,24.9,0.067,0.105,0.086,9.496,0.182,99.91,363,301,161,237,207,373,94,218,119,154,403,291,56,226,375
376,202695,Kawhi Leonard,57,38,19,0.667,34.6,117.3,109.1,8.2,15.3,0.042,0.155,0.102,6.852,0.264,99.88,126,40,276,82,29,79,141,76,338,251,197,203,56,47,377
377,1641763,Julian Phillips,38,19,19,0.5,7.5,114.9,113.0,1.9,13.4,0.036,0.091,0.062,9.275,0.126,99.84,302,256,276,283,451,154,298,195,391,291,454,436,56,466,378
378,203200,Justin Holiday,40,25,15,0.625,14.7,114.5,112.3,2.2,25.4,0.012,0.085,0.048,4.979,0.101,99.81,282,192,215,132,319,165,265,184,109,497,470,505,1,523,379
379,203471,Dennis Schroder,65,24,41,0.369,30.5,112.8,115.2,-2.4,30.1,0.015,0.087,0.051,8.903,0.202,99.8,3,204,527,401,89,217,384,308,59,472,467,496,56,165,380
380,1641871,Duop Reath,49,14,35,0.286,18.3,110.1,116.1,-6.0,10.9,0.089,0.157,0.12,8.212,0.205,99.77,212,312,504,442,258,307,421,390,456,103,190,157,56,156,381
381,202694,Marcus Morris Sr.,37,22,15,0.595,17.2,111.7,113.3,-1.6,9.8,0.03,0.165,0.095,7.147,0.162,99.74,312,227,215,170,279,251,311,285,478,335,173,237,56,322,382
382,1629014,Anfernee Simons,40,10,30,0.25,34.5,108.1,118.6,-10.5,19.3,0.015,0.11,0.059,10.082,0.286,99.73,282,364,455,455,31,368,490,467,227,469,382,455,56,30,383
383,1641713,GG Jackson,31,9,22,0.29,21.2,103.1,109.1,-6.1,6.5,0.055,0.127,0.091,8.553,0.237,99.72,347,384,345,441,219,475,141,393,523,202,307,256,56,96,384
384,201143,Al Horford,53,41,12,0.774,26.7,119.1,107.9,11.2,27.3,0.055,0.209,0.136,7.217,0.116,99.72,169,27,161,27,155,41,107,43,80,202,99,118,56,493,384
385,201959,Taj Gibson,16,7,9,0.438,10.3,104.6,111.4,-6.9,23.8,0.069,0.125,0.097,13.2,0.079,99.7,427,403,131,351,400,451,234,408,138,149,315,229,56,540,386
386,1630171,Isaac Okoro,55,35,20,0.636,26.9,113.2,107.8,5.3,18.8,0.042,0.085,0.064,7.165,0.143,99.7,148,67,306,117,150,205,105,123,238,255,471,429,56,389,386
387,202331,Paul George,57,38,19,0.667,34.0,120.0,110.0,10.0,14.9,0.019,0.156,0.091,8.449,0.268,99.67,126,40,276,82,41,27,173,54,346,432,193,258,56,46,388
388,1627777,Georges Niang,64,41,23,0.641,21.7,113.9,111.4,2.4,12.7,0.017,0.164,0.092,7.946,0.175,99.66,9,27,365,115,217,188,234,180,412,455,177,248,56,259,389
389,201976,Patrick Beverley,60,36,24,0.6,19.2,108.8,110.2,-1.4,29.9,0.037,0.142,0.089,10.367,0.151,99.65,73,52,382,159,243,356,184,283,60,284,248,274,56,361,390
390,1628418,Thomas Bryant,27,15,12,0.556,10.2,109.9,115.3,-5.4,13.1,0.102,0.225,0.163,12.327,0.17,99.64,363,301,161,237,401,312,392,378,402,77,69,71,56,280,391
391,202704,Reggie Jackson,64,44,20,0.688,22.3,111.9,112.1,-0.2,25.8,0.018,0.077,0.049,8.561,0.21,99.64,9,10,306,70,209,244,259,252,103,440,492,503,56,145,391
392,1627936,Alex Caruso,55,27,28,0.491,27.5,110.6,108.1,2.5,24.2,0.036,0.116,0.075,10.888,0.148,99.6,148,164,433,308,134,284,115,178,131,298,353,349,56,376,393
393,1628420,Monte Morris,17,10,7,0.588,14.2,110.2,104.1,6.0,29.0,0.022,0.111,0.065,2.899,0.18,99.55,421,364,110,178,328,302,60,109,62,410,379,418,1,236,394
394,1629048,Goga Bitadze,52,27,25,0.519,17.4,109.8,108.5,1.3,21.9,0.126,0.209,0.167,11.67,0.126,99.54,179,164,394,276,273,318,125,205,162,41,100,67,56,466,395
395,1626179,Terry Rozier,47,14,33,0.298,34.0,109.6,119.5,-9.8,23.9,0.019,0.121,0.068,7.189,0.26,99.54,233,312,482,437,40,334,501,456,136,429,336,399,56,53,395
396,203999,Nikola Jokic,62,43,19,0.694,34.2,120.2,110.4,9.8,28.6,0.099,0.299,0.202,9.153,0.291,99.53,41,17,276,62,35,25,190,56,68,85,17,21,56,27,397
397,1641877,Nathan Mensah,25,3,22,0.12,12.3,94.2,115.9,-21.8,16.0,0.098,0.145,0.119,24.876,0.068,99.52,378,464,345,523,366,520,415,530,312,86,237,159,515,544,398
398,1630527,Brandon Boston Jr.,20,12,8,0.6,7.4,104.6,120.9,-16.4,6.5,0.058,0.084,0.07,7.595,0.246,99.51,405,334,122,159,455,451,518,516,522,194,476,381,56,78,399
399,203914,Gary Harris,41,26,15,0.634,23.1,112.3,110.5,1.7,21.0,0.023,0.061,0.042,6.901,0.122,99.48,275,176,215,123,201,234,197,199,183,395,514,518,56,477,400
400,1628975,Jevon Carter,61,30,31,0.492,13.6,108.5,108.5,0.0,17.6,0.009,0.056,0.031,7.314,0.175,99.48,62,122,469,304,336,361,125,244,268,508,520,533,56,259,400
401,1626157,Karl-Anthony Towns,60,41,19,0.683,32.8,115.1,107.5,7.6,12.7,0.057,0.229,0.148,12.021,0.275,99.45,73,27,276,72,58,147,100,79,411,197,63,91,56,40,402
402,1641753,Chris Livingston,16,10,6,0.625,4.3,117.9,120.5,-2.6,19.3,0.039,0.22,0.136,15.456,0.141,99.45,427,364,96,132,505,68,514,317,226,273,76,116,515,401,402
403,1630194,Paul Reed,64,36,28,0.563,18.7,114.4,113.5,0.9,15.9,0.132,0.215,0.172,8.716,0.156,99.43,9,52,433,223,251,168,320,215,317,35,87,57,56,345,404
404,1629028,Deandre Ayton,41,11,30,0.268,31.8,106.6,113.9,-7.3,10.7,0.104,0.283,0.19,10.987,0.194,99.43,275,345,455,452,74,411,334,421,459,72,22,36,56,189,404
405,1630219,Skylar Mays,32,11,21,0.344,13.1,102.6,116.8,-14.2,31.3,0.025,0.099,0.058,7.157,0.185,99.43,343,345,323,411,347,482,442,507,49,379,429,459,56,213,404
406,1631170,Jaime Jaquez Jr.,58,34,24,0.586,29.4,112.5,110.3,2.2,17.0,0.048,0.107,0.077,10.485,0.189,99.43,111,79,382,183,106,231,186,184,284,228,397,341,56,201,404
407,1630643,Jay Huff,13,10,3,0.769,2.7,91.7,110.1,-18.4,6.7,0.032,0.281,0.159,6.72,0.183,99.42,444,364,49,28,537,525,177,523,520,322,23,78,56,223,408
408,1629651,Nic Claxton,55,21,34,0.382,29.6,108.1,113.5,-5.4,15.8,0.093,0.275,0.18,9.437,0.162,99.42,148,240,494,392,100,368,320,378,320,93,25,40,56,322,408
409,1631107,Nikola Jovic,30,14,16,0.467,17.8,115.5,107.2,8.3,23.3,0.04,0.215,0.13,11.439,0.162,99.42,350,312,234,325,263,137,92,74,144,270,88,130,56,322,408
410,1630197,Aleksej Pokusevski,11,9,2,0.818,6.2,101.2,125.2,-24.0,16.9,0.034,0.169,0.102,13.495,0.159,99.39,455,384,33,19,471,491,533,533,287,312,162,204,56,334,411
411,201567,Kevin Love,47,26,21,0.553,17.5,115.2,109.3,5.9,21.3,0.066,0.338,0.198,7.696,0.207,99.38,233,176,323,245,269,143,149,112,178,162,8,26,56,149,412
412,203484,Kentavious Caldwell-Pope,58,41,17,0.707,31.8,120.6,109.9,10.6,19.7,0.016,0.067,0.042,8.099,0.132,99.36,111,27,248,52,72,22,166,47,218,464,505,517,56,441,413
413,1630573,Sam Hauser,62,49,13,0.79,20.7,118.2,107.4,10.7,12.1,0.031,0.132,0.084,6.028,0.137,99.35,41,1,179,21,224,59,98,46,424,333,288,307,56,413,414
414,1630240,Saben Lee,21,12,9,0.571,8.5,109.8,102.9,6.9,27.7,0.06,0.129,0.097,7.396,0.195,99.33,397,334,131,207,435,318,48,92,75,190,298,233,56,183,415
415,1626196,Josh Richardson,43,24,19,0.558,25.6,108.4,112.4,-4.0,20.5,0.019,0.108,0.063,7.035,0.165,99.3,259,204,276,233,171,365,269,353,196,433,391,433,56,301,416
416,1628981,Bruno Fernando,27,13,14,0.481,12.5,108.0,110.8,-2.8,12.1,0.113,0.235,0.175,13.39,0.171,99.3,363,324,198,315,360,373,212,327,426,59,57,49,56,278,416
417,1631288,Jamal Cain,16,7,9,0.438,14.1,105.3,109.9,-4.6,4.5,0.063,0.101,0.081,5.674,0.163,99.3,427,403,131,351,331,440,166,365,527,177,423,321,56,312,416
418,203496,Robert Covington,29,20,9,0.69,16.8,114.7,103.5,11.1,16.6,0.073,0.143,0.11,7.616,0.107,99.29,353,247,131,68,287,159,53,44,295,137,243,180,56,515,419
419,1630583,Santi Aldama,53,20,33,0.377,25.7,103.7,112.5,-8.8,16.8,0.049,0.196,0.119,8.96,0.188,99.27,169,247,482,395,170,464,275,446,291,222,118,161,56,205,420
420,1631121,Bryce McGowens,50,9,41,0.18,15.8,105.3,116.1,-10.9,15.5,0.022,0.112,0.065,8.773,0.142,99.25,205,384,527,494,306,440,421,471,330,408,374,421,56,394,421
421,1630570,Trendon Watford,47,19,28,0.404,11.5,112.6,114.3,-1.7,17.8,0.08,0.18,0.129,11.023,0.199,99.22,233,256,433,379,379,226,348,289,261,124,143,134,56,171,422
422,203932,Aaron Gordon,58,39,19,0.672,31.4,118.3,110.4,7.9,20.0,0.085,0.144,0.115,9.064,0.178,99.21,111,36,276,81,81,55,190,77,209,111,241,168,56,243,423
423,1629636,Darius Garland,40,24,16,0.6,33.1,113.1,109.8,3.3,24.3,0.017,0.062,0.04,12.525,0.259,99.2,282,204,234,159,54,208,161,157,127,452,512,523,56,57,424
424,200782,P.J. Tucker,19,7,12,0.368,15.5,109.7,110.1,-0.3,21.6,0.077,0.124,0.1,12.953,0.054,99.19,410,403,161,402,307,327,177,256,173,127,322,214,56,547,425
425,1641749,Keyontae Johnson,9,7,2,0.778,7.4,100.2,108.2,-8.0,16.7,0.07,0.105,0.088,16.667,0.131,99.19,467,403,33,23,457,498,118,433,293,147,405,279,515,447,425
426,201152,Thaddeus Young,25,6,19,0.24,15.1,117.0,119.7,-2.7,31.0,0.109,0.151,0.13,7.446,0.128,99.16,378,421,276,470,311,87,504,322,52,65,212,129,56,460,427
427,1630208,Nick Richards,54,11,43,0.204,26.3,104.8,117.5,-12.7,9.0,0.114,0.236,0.174,12.547,0.135,99.16,160,345,533,487,161,448,462,495,493,58,53,52,56,424,427
428,1627827,Dorian Finney-Smith,56,23,33,0.411,28.4,111.8,111.8,0.0,15.1,0.062,0.119,0.09,8.49,0.137,99.1,139,215,482,377,121,246,250,244,343,180,341,265,56,413,429
429,1631128,Christian Braun,64,44,20,0.688,19.1,109.2,110.9,-1.7,16.3,0.049,0.15,0.101,7.664,0.158,99.09,9,10,306,70,245,345,216,289,306,218,215,211,56,335,430
430,1628998,Cody Martin,28,7,21,0.25,26.9,105.6,115.5,-9.9,27.5,0.027,0.138,0.08,11.655,0.161,99.09,359,403,323,455,149,436,400,457,78,361,263,327,56,329,430
431,1641738,Kobe Brown,34,25,9,0.735,8.4,113.0,119.9,-6.9,19.3,0.038,0.146,0.089,7.965,0.108,99.08,332,192,131,36,437,211,506,408,224,282,231,268,56,514,432
432,201935,James Harden,58,38,20,0.655,34.7,119.7,112.2,7.5,33.7,0.017,0.148,0.086,10.505,0.21,99.04,111,40,306,98,27,32,262,81,37,449,221,290,56,145,433
433,1641730,Noah Clowney,9,4,5,0.444,9.1,111.6,129.4,-17.8,25.3,0.08,0.153,0.112,9.482,0.126,99.0,467,448,81,345,422,255,542,521,112,121,206,175,56,466,434
434,202722,Davis Bertans,26,16,10,0.615,11.3,113.7,108.1,5.6,14.6,0.023,0.1,0.061,2.086,0.184,98.99,371,289,147,141,382,193,115,119,356,399,425,441,1,218,435
435,1628372,Dennis Smith Jr.,49,19,30,0.388,19.7,109.7,109.3,0.4,31.9,0.054,0.133,0.092,10.333,0.179,98.99,212,256,455,387,238,327,149,228,45,206,285,250,56,239,435
436,1641998,Trey Jemison,13,2,11,0.154,17.5,98.9,110.4,-11.5,12.7,0.107,0.155,0.132,16.489,0.134,98.99,444,479,156,510,268,503,190,481,413,70,195,128,515,432,435
437,203995,Vasilije Micic,43,29,14,0.674,15.9,112.8,107.1,5.7,34.0,0.014,0.069,0.044,13.422,0.194,98.97,259,133,198,78,303,217,90,118,35,476,502,514,56,189,438
438,1631212,Peyton Watson,62,43,19,0.694,18.4,110.7,111.5,-0.8,12.7,0.041,0.128,0.087,9.304,0.168,98.96,41,17,276,62,256,279,240,270,410,264,304,281,56,283,439
439,1629650,Moses Brown,13,4,9,0.308,8.8,101.5,118.9,-17.4,9.1,0.21,0.333,0.27,13.612,0.146,98.96,444,448,131,431,426,489,492,520,492,6,9,4,56,381,439
440,1630245,Ayo Dosunmu,62,31,31,0.5,27.4,111.0,112.7,-1.6,21.8,0.026,0.083,0.054,9.179,0.164,98.95,41,110,469,283,135,270,284,285,169,369,484,482,56,304,441
441,1630205,Lamar Stevens,31,19,12,0.613,12.3,101.9,101.6,0.3,7.5,0.073,0.164,0.12,10.728,0.227,98.95,347,256,161,146,364,485,38,233,514,141,176,155,56,114,441
442,203897,Zach LaVine,25,10,15,0.4,34.9,109.0,113.8,-4.8,17.2,0.01,0.153,0.081,9.102,0.244,98.94,378,364,215,380,26,351,328,369,281,504,203,318,56,81,443
443,1629678,Admiral Schofield,16,9,7,0.563,3.5,102.8,90.1,12.7,18.6,0.038,0.157,0.097,14.881,0.181,98.91,427,384,110,223,522,479,20,32,244,278,191,230,56,232,444
444,1629130,Duncan Robinson,59,33,26,0.559,28.3,111.7,110.5,1.1,19.4,0.009,0.091,0.05,9.258,0.191,98.91,93,89,404,228,123,251,197,212,220,509,453,498,56,199,444
445,1629008,Michael Porter Jr.,63,44,19,0.698,31.7,118.1,111.5,6.6,9.0,0.047,0.196,0.123,6.864,0.203,98.91,23,10,276,60,76,62,240,100,494,231,112,146,56,162,444
446,1627826,Ivica Zubac,51,32,19,0.627,26.2,116.2,109.7,6.5,12.0,0.134,0.255,0.197,10.463,0.165,98.9,195,99,276,129,163,113,158,102,427,31,42,27,56,301,447
447,1629312,Haywood Highsmith,48,28,20,0.583,19.8,109.8,110.5,-0.7,14.8,0.047,0.11,0.078,8.375,0.124,98.9,221,150,306,188,236,318,197,266,349,234,383,340,56,474,447
448,1631306,Cole Swider,11,4,7,0.364,5.0,98.0,104.4,-6.4,11.1,0.019,0.058,0.038,16.722,0.245,98.88,455,448,110,405,492,506,61,396,448,437,518,527,515,79,449
449,202696,Nikola Vucevic,59,29,30,0.492,34.5,111.0,112.9,-2.0,15.2,0.09,0.262,0.174,7.232,0.241,98.88,93,133,455,305,32,270,296,301,342,97,36,51,56,88,449
450,1628978,Donte DiVincenzo,63,37,26,0.587,26.6,115.0,114.3,0.7,16.1,0.034,0.115,0.074,8.594,0.216,98.87,23,47,404,181,157,151,348,218,310,313,358,353,56,137,451
451,1630192,Zeke Nnaji,49,34,15,0.694,9.8,101.3,115.7,-14.4,13.3,0.125,0.115,0.12,12.799,0.166,98.85,212,79,215,61,409,490,407,509,397,45,361,158,56,295,452
452,1628973,Jalen Brunson,59,36,23,0.61,35.3,117.1,113.0,4.1,20.4,0.018,0.098,0.058,7.696,0.305,98.84,93,52,365,149,18,83,298,142,200,441,431,460,56,14,453
453,1630625,Dalano Banton,36,21,15,0.583,12.5,110.7,113.4,-2.7,16.8,0.066,0.148,0.106,9.096,0.229,98.79,317,240,215,188,361,279,315,322,289,163,222,191,56,111,454
454,201144,Mike Conley,60,42,18,0.7,28.9,112.2,105.8,6.4,38.6,0.019,0.093,0.058,7.31,0.15,98.79,73,22,259,57,114,239,69,105,20,431,451,457,56,367,454
455,1631260,AJ Green,42,29,13,0.69,9.6,116.4,114.3,2.1,14.5,0.018,0.108,0.065,3.914,0.172,98.78,271,133,179,67,412,104,348,187,358,438,394,419,1,273,456
456,1629717,Armoni Brooks,10,3,7,0.3,10.4,125.8,115.2,10.6,9.1,0.068,0.106,0.087,5.466,0.195,98.77,465,464,110,434,398,14,384,47,491,153,401,283,56,183,457
457,1629661,Cameron Johnson,49,19,30,0.388,27.7,111.7,115.0,-3.3,16.4,0.037,0.14,0.086,6.437,0.197,98.72,212,256,455,387,132,251,378,335,302,283,253,293,56,175,458
458,1630183,Jaden McDaniels,55,36,19,0.655,29.3,113.7,108.3,5.4,12.3,0.033,0.08,0.058,10.41,0.157,98.71,148,52,276,102,110,193,120,122,419,317,489,458,56,340,459
459,202684,Tristan Thompson,36,24,12,0.667,12.4,118.4,112.2,6.1,22.9,0.159,0.196,0.178,13.182,0.132,98.7,317,204,161,82,363,54,262,108,149,16,117,45,56,441,460
460,202710,Jimmy Butler,45,23,22,0.511,34.2,115.5,110.8,4.7,20.4,0.065,0.12,0.092,7.424,0.249,98.7,245,215,345,281,36,137,212,134,199,168,339,247,56,69,460
461,1630241,Sam Merrill,46,31,15,0.674,16.3,110.0,110.5,-0.4,18.2,0.027,0.103,0.064,3.17,0.182,98.67,239,110,215,80,296,308,197,260,251,367,416,424,1,226,462
462,1627750,Jamal Murray,48,35,13,0.729,31.8,118.8,112.0,6.7,24.5,0.025,0.113,0.071,8.046,0.278,98.66,221,67,179,40,73,44,256,96,124,376,369,370,56,38,463
463,1631115,Orlando Robinson,28,15,13,0.536,9.8,113.4,110.4,3.0,23.5,0.107,0.231,0.171,13.758,0.151,98.66,359,301,179,262,407,198,190,166,142,68,60,58,56,361,463
464,1628389,Bam Adebayo,54,30,24,0.556,34.6,109.8,109.4,0.4,16.6,0.074,0.266,0.169,10.01,0.259,98.6,160,122,382,237,28,318,153,228,294,136,33,62,56,57,465
465,1631367,Jacob Gilyard,37,10,27,0.27,17.7,104.4,117.8,-13.3,43.0,0.013,0.066,0.037,9.512,0.117,98.58,312,364,415,450,267,456,468,501,12,485,507,529,56,490,466
466,1631120,JD Davison,3,3,0,1.0,2.0,93.5,86.2,7.3,0.0,0.167,0.1,0.125,0.0,0.137,98.57,513,464,1,1,548,521,14,86,529,13,426,140,1,413,467
467,201942,DeMar DeRozan,62,30,32,0.484,37.9,112.3,113.8,-1.5,20.0,0.017,0.112,0.063,5.478,0.249,98.57,41,122,478,312,1,234,328,284,210,446,375,431,56,69,467
468,1631207,Dalen Terry,41,19,22,0.463,9.9,114.2,109.7,4.6,30.2,0.04,0.149,0.093,11.493,0.122,98.52,275,256,345,328,405,174,158,136,56,267,220,244,56,477,469
469,1628964,Mo Bamba,42,22,20,0.524,11.4,106.8,110.3,-3.5,13.4,0.119,0.23,0.172,14.387,0.163,98.5,271,227,306,275,381,402,186,342,390,54,62,56,56,312,470
470,1631221,Collin Gillespie,19,12,7,0.632,8.5,113.2,113.0,0.2,21.5,0.007,0.075,0.041,13.419,0.161,98.49,410,334,110,124,434,205,298,236,175,513,496,521,56,329,471
471,1641788,Alex Fudge,4,1,3,0.25,3.6,66.1,137.6,-71.5,0.0,0.167,0.0,0.08,12.69,0.237,98.48,505,504,49,455,517,546,545,549,529,13,533,329,56,96,472
472,1629632,Coby White,64,31,33,0.484,36.9,113.9,113.6,0.3,21.8,0.017,0.13,0.073,9.117,0.228,98.47,9,110,482,310,6,188,323,233,165,459,297,358,56,112,473
473,1630175,Cole Anthony,64,37,27,0.578,23.0,110.7,109.6,1.2,19.7,0.042,0.161,0.102,10.62,0.238,98.47,9,47,415,198,203,279,154,208,216,252,182,205,56,95,473
474,1628470,Torrey Craig,35,14,21,0.4,20.6,109.2,117.1,-7.9,15.5,0.082,0.166,0.121,8.947,0.125,98.46,323,312,323,380,225,345,453,428,333,119,171,154,56,471,475
475,1630562,Matt Hurt,8,2,6,0.25,14.2,97.7,105.6,-7.9,9.7,0.082,0.069,0.075,4.84,0.138,98.45,476,479,96,455,329,508,68,428,481,118,503,350,1,412,476
476,200768,Kyle Lowry,45,24,21,0.533,28.3,110.6,110.5,0.1,33.3,0.026,0.118,0.069,11.329,0.133,98.42,245,204,323,264,125,284,197,242,40,372,346,387,56,436,477
477,1630296,Braxton Key,17,12,5,0.706,3.2,101.8,108.2,-6.4,28.9,0.065,0.224,0.147,3.618,0.166,98.39,421,334,81,53,529,486,118,396,63,165,70,94,1,295,478
478,1630692,Jordan Goodwin,46,25,21,0.543,15.9,106.7,111.6,-4.9,25.8,0.077,0.137,0.107,9.508,0.18,98.39,239,192,323,255,302,408,246,372,101,128,268,190,56,236,478
479,1641778,Leaky Black,22,1,21,0.045,9.9,104.6,115.7,-11.1,26.4,0.039,0.154,0.095,7.336,0.101,98.37,391,504,323,531,402,451,407,475,93,276,200,239,56,523,480
480,1628976,Wendell Carter Jr.,38,20,18,0.526,26.2,110.3,109.1,1.2,13.5,0.094,0.218,0.156,10.378,0.175,98.35,302,247,259,271,164,297,141,208,388,92,80,81,56,259,481
481,1629004,Svi Mykhailiuk,26,20,6,0.769,7.9,113.4,106.6,6.8,14.2,0.041,0.083,0.063,8.11,0.173,98.34,371,247,96,28,443,198,79,93,369,262,479,432,56,268,482
482,1630172,Patrick Williams,43,19,24,0.442,27.3,114.1,113.9,0.1,12.9,0.043,0.118,0.079,11.154,0.166,98.33,259,256,382,349,138,180,334,242,405,248,345,334,56,295,483
483,1629656,Quentin Grimes,49,30,19,0.612,20.2,107.4,109.3,-1.9,14.4,0.015,0.09,0.052,6.246,0.157,98.24,212,122,276,147,231,385,149,295,361,471,458,489,56,340,484
484,1628371,Jonathan Isaac,44,27,17,0.614,14.9,113.1,101.6,11.5,6.8,0.103,0.235,0.169,8.2,0.174,98.19,252,164,248,145,314,208,38,42,519,75,56,60,56,266,485
485,1630548,Johnny Juzang,6,2,4,0.333,9.2,110.8,105.0,5.8,16.0,0.036,0.102,0.067,4.0,0.163,98.17,489,479,64,413,420,275,64,114,311,292,419,402,1,312,486
486,1630322,Lindy Waters III,27,18,9,0.667,6.9,105.8,109.9,-4.1,18.8,0.011,0.145,0.078,7.5,0.157,98.16,363,271,131,82,461,432,166,356,239,499,235,339,56,340,487
487,203497,Rudy Gobert,62,43,19,0.694,33.9,114.0,104.8,9.2,9.3,0.135,0.285,0.217,11.856,0.156,98.11,41,17,276,62,44,184,63,62,488,29,21,11,56,345,488
488,1629611,Terance Mann,57,38,19,0.667,25.3,117.7,114.7,3.0,18.8,0.06,0.093,0.077,6.578,0.133,98.11,126,40,276,82,177,73,371,166,236,189,450,343,56,436,488
489,1628997,Caleb Martin,47,26,21,0.553,27.2,113.0,110.9,2.1,16.4,0.051,0.144,0.097,9.291,0.172,98.07,233,176,323,245,141,211,216,187,301,212,239,228,56,273,490
490,1641771,Jalen Slawson,5,3,2,0.6,3.7,89.0,119.7,-30.7,28.6,0.0,0.267,0.133,28.571,0.122,98.04,501,464,33,159,512,529,504,535,67,514,31,122,546,477,491
491,1641754,Seth Lundy,9,2,7,0.222,5.8,110.0,116.8,-6.8,0.0,0.024,0.13,0.08,5.061,0.179,98.04,467,479,110,477,475,308,442,406,529,388,295,332,56,239,491
492,1630678,Terry Taylor,24,10,14,0.417,6.7,109.5,108.1,1.4,14.2,0.1,0.118,0.109,14.193,0.117,98.02,382,364,198,373,463,338,115,204,369,81,346,184,56,490,493
493,1630592,Jalen Wilson,27,8,19,0.296,14.6,112.3,118.0,-5.8,19.4,0.085,0.137,0.109,7.097,0.136,98.02,363,391,276,438,321,234,472,385,223,112,264,183,56,418,493
494,1629011,Mitchell Robinson,21,12,9,0.571,29.2,114.5,114.1,0.4,10.0,0.195,0.196,0.196,13.933,0.094,97.95,397,334,131,207,111,165,344,228,475,8,113,28,56,531,495
495,1628966,Keita Bates-Diop,49,29,20,0.592,13.3,110.5,114.6,-4.1,15.8,0.057,0.134,0.097,6.394,0.135,97.93,212,133,306,172,345,290,367,356,321,196,278,232,56,424,496
496,1641734,Emoni Bates,11,6,5,0.545,8.0,93.2,123.8,-30.6,14.4,0.013,0.135,0.071,4.789,0.185,97.9,455,421,81,248,441,522,530,534,364,489,275,368,1,213,497
497,201599,DeAndre Jordan,29,19,10,0.655,11.3,105.8,115.2,-9.4,14.6,0.155,0.274,0.214,13.913,0.154,97.89,353,256,147,98,385,432,384,452,351,17,26,14,56,350,498
498,1630202,Payton Pritchard,63,49,14,0.778,20.3,119.2,110.1,9.1,26.1,0.047,0.119,0.083,6.454,0.158,97.84,23,1,198,23,230,39,177,63,98,233,342,308,56,335,499
499,1630243,Trevelin Queen,13,5,8,0.385,12.5,111.4,106.5,4.9,26.4,0.023,0.112,0.07,10.252,0.145,97.7,444,438,122,389,356,261,78,129,95,394,376,382,56,386,500
500,1630235,Trent Forrest,26,13,13,0.5,9.9,103.9,116.3,-12.4,40.1,0.024,0.121,0.069,8.996,0.125,97.7,371,324,179,283,404,463,425,493,15,387,334,395,56,471,500
501,1641733,Nick Smith Jr.,39,8,31,0.205,15.5,100.8,116.7,-15.9,15.9,0.029,0.075,0.051,10.168,0.196,97.69,291,391,469,486,310,494,436,514,315,341,495,494,56,180,502
502,203083,Andre Drummond,64,31,33,0.484,17.1,113.8,113.9,-0.1,5.3,0.217,0.364,0.289,12.372,0.208,97.68,9,110,482,310,282,192,334,250,526,5,6,2,56,147,503
503,1641931,Onuralp Bitim,8,4,4,0.5,12.0,109.4,100.7,8.6,9.4,0.024,0.112,0.069,9.446,0.136,97.65,476,448,64,283,373,340,34,71,485,388,371,385,56,418,504
504,1628404,Josh Hart,63,36,27,0.571,31.8,113.4,110.1,3.3,26.1,0.05,0.22,0.134,10.536,0.135,97.64,23,52,415,207,75,198,177,157,99,216,75,121,56,424,505
505,1630610,DeJon Jarreau,1,0,1,0.0,28.1,97.4,112.8,-15.3,31.3,0.0,0.455,0.192,12.5,0.176,97.63,542,533,15,533,129,510,289,513,50,514,4,33,56,252,506
506,1630846,Olivier Sarr,14,7,7,0.5,6.8,112.7,107.3,5.3,6.5,0.132,0.258,0.202,9.804,0.133,97.61,439,403,110,283,462,222,94,123,521,36,38,22,56,436,507
507,1628436,Luke Kornet,45,34,11,0.756,14.7,116.9,111.9,5.0,17.7,0.134,0.145,0.14,8.123,0.112,97.58,245,79,156,33,317,90,253,128,266,30,238,108,56,503,508
508,1630544,Tre Mann,24,16,8,0.667,18.9,104.1,108.9,-4.8,28.3,0.024,0.175,0.102,10.204,0.184,97.56,382,289,122,82,247,461,137,369,73,392,154,200,56,218,509
509,1630590,Scotty Pippen Jr.,8,1,7,0.125,22.6,104.2,111.4,-7.2,30.2,0.045,0.114,0.079,12.58,0.204,97.44,476,504,110,519,206,459,234,419,57,236,362,338,56,159,510
510,1631303,Justin Minaya,21,1,20,0.048,7.7,99.5,107.9,-8.4,17.9,0.062,0.081,0.071,11.201,0.095,97.41,397,504,306,530,448,500,107,438,258,183,488,374,56,530,511
511,1630553,Keon Johnson,4,0,4,0.0,12.8,123.3,143.9,-20.5,9.9,0.061,0.063,0.062,13.158,0.225,97.41,505,533,64,533,352,15,549,527,476,187,511,438,56,117,511
512,1641816,Hunter Tyson,11,8,3,0.727,2.9,107.3,107.9,-0.7,7.1,0.038,0.308,0.173,14.286,0.191,97.33,455,391,49,41,534,392,107,266,517,278,13,54,56,199,513
513,1630288,Jeff Dowtin Jr.,3,0,3,0.0,16.4,114.1,101.8,12.3,38.1,0.0,0.057,0.031,14.286,0.115,97.29,513,533,49,533,294,180,41,35,23,514,519,534,56,495,514
514,1629117,Wenyen Gabriel,2,0,2,0.0,17.0,85.1,82.5,2.6,13.2,0.061,0.219,0.138,19.737,0.176,97.13,527,533,33,533,284,535,10,175,400,188,79,109,515,252,515
515,1630173,Precious Achiuwa,57,28,29,0.491,23.0,112.0,111.5,0.5,13.4,0.124,0.201,0.161,11.303,0.167,97.06,126,150,446,306,204,241,240,225,393,46,105,76,56,289,516
516,1629660,Ty Jerome,2,1,1,0.5,7.4,107.5,152.5,-45.0,37.5,0.071,0.0,0.042,12.5,0.153,97.06,527,504,15,283,453,383,551,544,26,144,533,520,56,354,516
517,1641793,D'Moi Hodge,7,1,6,0.143,5.9,91.0,133.5,-42.5,22.9,0.0,0.0,0.0,4.57,0.184,97.02,485,504,96,513,472,527,544,543,150,514,533,542,1,218,518
518,1641854,Craig Porter Jr.,40,26,14,0.65,13.7,113.3,113.8,-0.6,28.4,0.04,0.154,0.099,10.568,0.212,96.99,282,176,198,106,334,202,328,264,72,269,200,222,56,144,519
519,1631217,Moussa Diabate,11,7,4,0.636,5.8,122.7,115.1,7.6,12.8,0.259,0.158,0.209,6.418,0.178,96.93,455,403,64,117,473,16,381,79,408,3,187,19,56,243,520
520,1641787,Tosan Evbuomwan,6,0,6,0.0,15.0,101.0,117.9,-16.9,24.0,0.088,0.108,0.097,4.0,0.094,96.72,489,533,96,533,312,493,469,518,132,106,393,231,1,531,521
521,1629674,Neemias Queta,23,19,4,0.826,12.3,128.7,112.8,15.9,10.1,0.171,0.211,0.192,8.272,0.147,96.69,386,256,64,17,365,11,289,25,472,12,95,34,56,379,522
522,1630547,James Bouknight,14,0,14,0.0,5.8,107.3,119.5,-12.2,12.0,0.014,0.131,0.067,4.01,0.245,96.69,439,533,198,533,474,392,501,489,428,481,293,408,1,79,522
523,1631216,Caleb Houstan,48,24,24,0.5,14.5,110.2,111.2,-1.0,11.9,0.037,0.083,0.06,6.621,0.127,96.68,221,204,382,283,323,302,228,274,429,285,479,452,56,462,524
524,1641732,Colby Jones,17,7,10,0.412,7.1,109.7,110.9,-1.3,15.8,0.08,0.146,0.11,7.911,0.186,96.59,421,403,147,376,458,327,216,282,318,121,232,181,56,211,525
525,1630204,Ashton Hagans,12,2,10,0.167,16.1,104.6,110.3,-5.7,32.7,0.042,0.125,0.082,19.419,0.146,96.48,451,479,147,503,300,451,186,384,43,256,315,317,515,381,526
526,1631112,Kendall Brown,8,4,4,0.5,3.6,92.6,98.2,-5.6,18.8,0.067,0.0,0.038,0.0,0.121,96.31,476,448,64,283,519,524,30,382,235,157,533,527,1,482,527
527,1629643,Chuma Okeke,38,17,21,0.447,10.4,103.2,107.1,-3.8,13.2,0.047,0.164,0.102,8.811,0.134,96.3,302,281,323,342,399,473,90,349,398,230,175,199,56,432,528
528,1630540,Miles McBride,51,30,21,0.588,14.8,104.2,110.1,-5.9,18.3,0.022,0.059,0.04,4.957,0.182,95.89,195,122,323,178,315,459,177,387,250,408,517,525,1,226,529
529,1629610,DaQuan Jeffries,13,8,5,0.615,2.6,89.0,102.6,-13.5,11.2,0.0,0.132,0.068,5.593,0.222,95.85,444,391,81,141,539,529,46,504,447,514,291,400,56,127,530
530,1630658,Colin Castleton,7,3,4,0.429,5.1,98.4,129.3,-30.8,19.0,0.133,0.167,0.15,6.345,0.163,95.6,485,464,64,361,490,504,541,536,231,32,167,88,56,312,531
531,1630196,Filip Petrusev,3,2,1,0.667,3.1,114.6,89.5,25.1,0.0,0.0,0.083,0.059,0.0,0.15,95.59,513,479,15,82,531,163,19,12,529,514,479,456,1,367,532
532,1629623,Lindell Wigginton,3,3,0,1.0,2.5,79.3,128.7,-49.4,0.0,0.0,0.0,0.0,14.535,0.496,94.99,513,464,1,1,543,540,538,546,529,514,533,542,56,1,533
533,1627853,Ryan Arcidiacono,20,15,5,0.75,2.3,88.2,84.3,3.9,33.3,0.0,0.145,0.085,16.667,0.083,94.91,405,301,81,34,546,532,11,144,38,514,234,299,515,539,534
534,1629603,Mamadi Diakite,3,2,1,0.667,5.3,106.6,87.3,19.3,20.7,0.059,0.118,0.088,0.0,0.225,94.86,513,479,15,82,481,411,17,18,191,192,346,275,1,117,535
535,1630622,Jalen Crutcher,1,1,0,1.0,2.7,120.0,91.9,28.1,0.0,0.0,0.0,0.0,0.0,0.2,94.55,542,504,1,1,538,27,22,10,529,514,533,542,1,169,536
536,1629718,Charlie Brown Jr.,8,2,6,0.25,4.7,102.9,112.5,-9.5,0.0,0.026,0.032,0.029,16.667,0.143,94.47,476,479,96,455,501,478,275,453,529,372,530,535,515,389,537
537,1629618,Jalen Pickett,21,15,6,0.714,5.2,105.5,111.5,-6.0,27.4,0.011,0.098,0.058,14.609,0.172,94.36,397,301,96,45,489,438,240,390,79,500,432,462,56,273,538
538,1630579,Jericho Sims,37,23,14,0.622,13.8,107.4,111.0,-3.5,23.2,0.109,0.167,0.138,13.713,0.064,93.91,312,215,198,136,333,385,219,342,145,66,166,110,56,545,539
539,1641806,Markquis Nowell,1,0,1,0.0,3.5,133.1,71.4,61.7,51.5,0.5,0.0,0.286,0.0,0.215,93.91,542,533,15,533,521,5,7,2,3,1,533,3,1,138,539
540,1641775,Jordan Walsh,4,4,0,1.0,8.3,122.4,84.3,38.1,22.2,0.067,0.22,0.155,22.222,0.091,93.5,505,448,1,1,438,17,11,4,158,157,77,83,515,536,541
541,1627745,Damian Jones,28,20,8,0.714,6.7,95.3,114.9,-19.6,17.8,0.073,0.179,0.125,14.793,0.139,93.39,359,247,122,45,464,518,375,526,264,139,144,141,56,409,542
542,1641809,Drew Peterson,1,1,0,1.0,2.6,160.0,123.0,37.0,50.0,0.0,0.0,0.0,0.0,0.2,92.99,542,504,1,1,542,2,527,5,5,514,533,542,1,169,543
543,1631210,Jacob Toppin,9,2,7,0.222,4.2,95.9,128.3,-32.4,21.6,0.088,0.174,0.123,7.205,0.132,92.67,467,479,110,477,506,517,537,538,172,105,157,149,56,441,544
544,1630600,Isaiah Mobley,4,0,4,0.0,8.5,97.4,112.4,-15.0,38.5,0.0,0.286,0.118,7.692,0.117,92.52,505,533,64,533,436,510,269,512,21,514,19,163,56,490,545
545,1630249,Vit Krejci,4,2,2,0.5,12.5,116.1,125.5,-9.3,47.1,0.022,0.059,0.038,5.882,0.078,92.1,505,479,33,283,359,117,534,451,9,407,516,526,56,542,546
546,1630259,Jordan Ford,6,2,4,0.333,3.6,139.7,108.3,31.4,18.4,0.0,0.105,0.054,9.191,0.195,90.38,489,479,64,413,515,4,120,9,247,514,405,481,56,183,547
547,1630695,Micah Potter,2,1,1,0.5,3.6,45.0,146.2,-101.1,0.0,0.0,0.667,0.25,0.0,0.07,86.93,527,504,15,283,516,549,550,552,529,514,1,6,1,543,548
548,1629647,Darius Bazley,3,0,3,0.0,3.3,128.6,137.6,-9.0,50.0,0.0,0.2,0.1,25.0,0.106,86.65,513,533,49,533,528,12,545,448,5,514,107,215,546,518,549
549,1631376,Dmytro Skapintsev,2,0,2,0.0,1.1,75.0,87.2,-12.2,0.0,0.0,0.0,0.0,0.0,0.25,83.7,527,533,33,533,552,545,16,489,529,514,533,542,1,66,550
550,1630311,Pat Spencer,2,0,2,0.0,1.7,33.3,123.0,-89.6,100.0,0.0,0.0,0.0,0.0,0.0,77.95,527,533,33,533,550,550,527,551,1,514,533,542,1,550,551
551,1631250,Pete Nance,3,1,2,0.333,2.5,75.8,58.9,16.8,0.0,0.0,0.2,0.1,0.0,0.168,76.89,513,504,33,413,544,544,5,21,529,514,107,215,1,283,552
552,1630606,Javonte Smart,1,1,0,1.0,0.7,0.0,300.0,-300.0,0.0,0.0,0.0,0.0,0.0,0.0,72.0,542,504,1,1,553,552,554,554,529,514,533,542,1,550,553
553,1628382,Justin Jackson,2,2,0,1.0,0.4,0.0,0.0,0.0,0.0,0.0,0.0,0.0,0.0,0.0,68.57,527,479,1,1,554,552,1,244,529,514,533,542,1,550,554
