season,nba_id,name,gp,usg,min,mpg,team,oepm,depm,epm,ewins
2024,203954,"Joel Embiid",34,0.386754,1156.87,34,"PHI",6.98048,3.42498,10.4055,10.2622
2024,1628983,"Shai Gilgeous-Alexander",60,0.316989,2066.29,34.4333,"OKC",6.76935,2.63316,9.40251,16.9529
2024,203507,"Giannis Antetokounmpo",59,0.322462,2060.07,34.9153,"MIL",5.80599,1.81927,7.62526,14.7073
2024,1629029,"Luka Doncic",54,0.356588,2028.14,37.5556,"DAL",7.83077,-0.370662,7.46011,14.2532
2024,203999,"Nikola Jokic",60,0.289258,2049.68,34.15,"DEN",7.43892,-0.815783,6.62314,13.2464
2024,1628378,"Donovan Mitchell",47,0.308883,1678.7,35.7021,"CLE",4.67658,1.16167,5.83825,9.79881
2024,1630169,"Tyrese Haliburton",50,0.244467,1597.24,31.94,"IND",6.80653,-1.16734,5.63919,9.41093
2024,202695,"Kawhi Leonard",55,0.259572,1894.3,34.4364,"LAC",3.35057,2.22998,5.58055,10.5571
2024,2544,"LeBron James",55,0.286734,1925.64,35,"LAL",4.23208,1.14353,5.37561,10.9977
2024,1628369,"Jayson Tatum",58,0.294848,2073.11,35.7414,"BOS",4.03757,0.821154,4.85872,10.7523
2024,202331,"Paul George",55,0.264651,1859.45,33.8,"LAC",3.38273,1.47343,4.85616,9.48289
2024,1628401,"Derrick White",57,0.185698,1828.45,32.0702,"BOS",2.46821,2.33302,4.80123,9.41353
2024,201142,"Kevin Durant",55,0.28796,2050.78,37.2727,"PHX",3.63576,1.15791,4.79367,10.7208
2024,1626164,"Devin Booker",50,0.29363,1788.14,35.76,"PHX",5.01297,-0.236295,4.77667,9.32725
2024,1630162,"Anthony Edwards",59,0.315201,2056.95,34.8475,"MIN",3.2036,1.52944,4.73304,10.6688
2024,1628973,"Jalen Brunson",57,0.296589,2019.14,35.4211,"NYK",5.37792,-0.820088,4.55783,10.2339
2024,204001,"Kristaps Porzingis",45,0.244793,1334.93,29.6444,"BOS",3.28217,1.19744,4.47962,6.58754
2024,201939,"Stephen Curry",57,0.307507,1876.67,32.9123,"GSW",5.28501,-0.842963,4.44204,9.063
2024,203081,"Damian Lillard",57,0.276368,1990.13,34.9123,"MIL",3.70424,0.695687,4.39993,9.87471
2024,202710,"Jimmy Butler",42,0.242611,1426.45,33.9524,"MIA",3.90898,0.287329,4.19631,6.77074
2024,1641705,"Victor Wembanyama",56,0.31079,1609.77,28.7321,"SAS",0.893587,3.28503,4.17862,7.74692
2024,201935,"James Harden",55,0.204624,1901.15,34.5636,"LAC",4.27702,-0.187498,4.08953,8.59766
2024,203076,"Anthony Davis",59,0.260616,2108.1,35.7288,"LAL",2.76556,1.30084,4.06639,10.1464
2024,1628368,"De'Aaron Fox",52,0.301047,1856.65,35.6923,"SAC",3.1101,0.805497,3.91559,8.32777
2024,202681,"Kyrie Irving",40,0.280637,1372.75,34.3,"DAL",4.78512,-0.922452,3.86267,6.31346
2024,1631096,"Chet Holmgren",61,0.209868,1839.91,30.1475,"OKC",1.86096,1.92876,3.78972,8.23638
2024,1627832,"Fred VanVleet",54,0.187941,1986.19,36.7778,"HOU",2.2296,1.36852,3.59811,8.63843
2024,1630178,"Tyrese Maxey",55,0.271661,2056.08,37.3818,"PHI",4.21996,-0.654139,3.56582,8.89829
2024,1628374,"Lauri Markkanen",51,0.238118,1677.14,32.8824,"UTA",4.82951,-1.38372,3.44579,7.24143
2024,1630532,"Franz Wagner",54,0.255775,1781.84,32.9815,"ORL",1.16163,2.27674,3.43837,7.68456
2024,203994,"Jusuf Nurkic",58,0.196535,1579.52,27.2241,"PHX",1.01441,2.30772,3.32213,6.68805
2024,1628392,"Isaiah Hartenstein",56,0.108754,1404.5,25.0714,"NYK",-0.465628,3.6734,3.20777,5.83853
2024,203114,"Khris Middleton",43,0.232342,1129.35,26.2558,"MIL",2.15719,1.01608,3.17327,4.66845
2024,1631114,"Jalen Williams",55,0.226346,1757.49,31.9455,"OKC",1.8709,1.29195,3.16285,7.13566
2024,1630217,"Desmond Bane",37,0.279412,1277.35,34.5135,"MEM",3.18016,-0.0236976,3.15646,5.26574
2024,1627759,"Jaylen Brown",56,0.276346,1862.58,33.25,"BOS",1.6705,1.4835,3.154,7.55138
2024,201567,"Kevin Love",47,0.204832,822.364,17.4894,"MIA",2.33839,0.800073,3.13846,3.3256
2024,1628384,"OG Anunoby",41,0.174217,1400.65,34.1463,"NYK",0.351413,2.7348,3.08621,5.7076
2024,1630163,"LaMelo Ball",22,0.316792,711.38,32.3182,"CHA",3.9802,-0.928222,3.05198,2.88241
2024,1627734,"Domantas Sabonis",60,0.220278,2142.23,35.7,"SAC",3.37264,-0.384908,2.98773,8.31009
2024,1629027,"Trae Young",51,0.29345,1861.78,36.4902,"ATL",3.9573,-1.06737,2.88993,7.22162
2024,1630578,"Alperen Sengun",60,0.270893,1942.47,32.3667,"HOU",2.40634,0.399343,2.80568,7.42588
2024,1629012,"Collin Sexton",62,0.266183,1555.16,25.0806,"UTA",3.67167,-0.921867,2.74981,5.98405
2024,1626157,"Karl-Anthony Towns",60,0.270926,1968.85,32.8,"MIN",2.69081,0.0452649,2.73607,7.55762
2024,203935,"Marcus Smart",20,0.226573,604.833,30.2,"MEM",-0.874334,3.59101,2.71668,2.31379
2024,1627742,"Brandon Ingram",56,0.272957,1857.43,33.1607,"NOP",2.08752,0.464882,2.5524,6.89961
2024,1627750,"Jamal Murray",46,0.270599,1452.31,31.5652,"DEN",3.64706,-1.09545,2.55161,5.39399
2024,203497,"Rudy Gobert",60,0.15485,2027.6,33.7833,"MIN",0.258719,2.13642,2.39514,7.31648
2024,1630529,"Herbert Jones",57,0.146817,1671.39,29.3158,"NOP",0.0292866,2.33559,2.36487,5.99695
2024,1630567,"Scottie Barnes",60,0.242084,2094.24,34.9,"TOR",1.52408,0.802315,2.32639,7.45973
2024,1627936,"Alex Caruso",52,0.148554,1419.3,27.2885,"CHI",-1.20064,3.51671,2.31607,4.96431
2024,1630596,"Evan Mobley",38,0.200945,1182.69,31.1053,"CLE",-0.935003,3.24394,2.30894,4.1311
2024,203110,"Draymond Green",36,0.151593,947.628,26.3056,"GSW",-0.126893,2.43142,2.30453,3.25305
2024,203932,"Aaron Gordon",56,0.175315,1767.76,31.5536,"DEN",0.0280595,2.2256,2.25366,6.21001
2024,1629048,"Goga Bitadze",50,0.125969,873.5,17.46,"ORL",-0.174097,2.40316,2.22906,3.05403
2024,203944,"Julius Randle",46,0.28699,1630.11,35.4348,"NYK",2.1701,0.0124398,2.18254,5.6482
2024,1628386,"Jarrett Allen",56,0.187668,1752.47,31.2857,"CLE",1.66445,0.478718,2.14316,5.92837
2024,201144,"Mike Conley",57,0.148337,1643.33,28.8246,"MIN",1.79305,0.301356,2.09441,5.59623
2024,1629630,"Ja Morant",9,0.296689,317.933,35.2222,"MEM",2.78052,-0.757324,2.0232,1.06741
2024,101108,"Chris Paul",36,0.144206,974.883,27.0556,"GSW",0.268023,1.73314,2.00116,3.1534
2024,1627783,"Pascal Siakam",61,0.245495,2073.74,33.9836,"IND",2.22936,-0.244238,1.98513,7.13183
2024,1629008,"Michael Porter Jr.",61,0.200881,1945.11,31.8852,"DEN",1.42707,0.552839,1.97991,6.47357
2024,1628389,"Bam Adebayo",51,0.257157,1766.43,34.6275,"MIA",-0.359643,2.29417,1.93453,5.73082
2024,1629627,"Zion Williamson",51,0.279364,1556.18,30.5098,"NOP",1.83321,0.08019,1.9134,5.10928
2024,1626167,"Myles Turner",59,0.234404,1612.64,27.322,"IND",2.30293,-0.39776,1.90517,5.37095
2024,1630591,"Jalen Suggs",57,0.195245,1511.4,26.5088,"ORL",-0.380102,2.28407,1.90397,4.95262
2024,1629622,"Max Strus",60,0.167806,1932.03,32.2,"CLE",-0.522269,2.38607,1.8638,6.17731
2024,1630170,"Devin Vassell",57,0.232369,1837.29,32.2281,"SAS",0.992575,0.867131,1.85971,5.96561
2024,1630590,"Scotty Pippen Jr.",8,0.200483,181.044,22.625,"MEM",0.385572,1.44338,1.82895,0.207257
2024,1630188,"Jalen Smith",44,0.18727,778.579,17.6818,"IND",2.17617,-0.369265,1.80691,2.5406
2024,1628371,"Jonathan Isaac",42,0.165531,620.302,14.7619,"ORL",-1.59039,3.33513,1.74473,1.96596
2024,1627826,"Ivica Zubac",48,0.164318,1270.96,26.4583,"LAC",0.322808,1.41566,1.73847,3.89298
2024,1627763,"Malcolm Brogdon",39,0.227477,1120.83,28.7179,"POR",1.9413,-0.2484,1.6929,3.39977
2024,1629001,"De'Anthony Melton",36,0.177109,1002.18,27.8333,"PHI",0.150516,1.51899,1.66951,3.07497
2024,1630241,"Sam Merrill",43,0.17636,692.318,16.093,"CLE",1.80072,-0.185685,1.61504,2.09917
2024,201950,"Jrue Holiday",56,0.164294,1853.73,33.0893,"BOS",0.427932,1.13483,1.56277,5.55631
2024,1629021,"Moritz Wagner",60,0.219325,1105.24,18.4167,"ORL",1.63024,-0.0730508,1.55719,3.36297
2024,1628969,"Mikal Bridges",62,0.249271,2183.93,35.2097,"BKN",0.632463,0.908279,1.54074,6.62088
2024,203992,"Bogdan Bogdanovic",59,0.219953,1729.87,29.3051,"ATL",1.33401,0.178183,1.51219,5.12695
2024,203468,"CJ McCollum",46,0.234375,1443.06,31.3696,"NOP",2.67023,-1.19652,1.47371,4.30955
2024,1628978,"Donte DiVincenzo",61,0.211604,1596.16,26.1639,"NYK",2.18147,-0.715871,1.4656,4.75803
2024,1641726,"Dereck Lively II",44,0.120047,1085.52,24.6591,"DAL",0.612087,0.833188,1.44527,3.22095
2024,1628976,"Wendell Carter Jr.",36,0.169846,943.118,26.1944,"ORL",0.506449,0.916225,1.42267,2.78402
2024,1641871,"Duop Reath",46,0.202744,820.865,17.8261,"POR",1.42491,-0.0647191,1.36019,2.31147
2024,1630549,"Day'Ron Sharpe",46,0.184483,718.362,15.6087,"BKN",0.563004,0.757285,1.32029,2.07091
2024,201572,"Brook Lopez",59,0.154004,1841.37,31.2034,"MIL",-0.500008,1.81743,1.31742,5.30476
2024,1631109,"Mark Williams",19,0.162562,508.4,26.7368,"CHA",1.99488,-0.694036,1.30084,1.45895
2024,1629011,"Mitchell Robinson",21,0.0947802,613.35,29.1905,"NYK",-1.35052,2.61684,1.26632,1.74583
2024,1626156,"D'Angelo Russell",58,0.225472,1840.04,31.7241,"LAL",2.50761,-1.27125,1.23636,5.28412
2024,1628991,"Jaren Jackson Jr.",54,0.298688,1723.15,31.9074,"MEM",-0.0651704,1.26708,1.20191,4.82983
2024,1631099,"Keegan Murray",56,0.178188,1847.5,32.9821,"SAC",0.170246,1.00712,1.17736,4.98168
2024,203083,"Andre Drummond",61,0.204581,1055,17.2951,"CHI",0.18591,0.879064,1.06497,2.81341
2024,1630543,"Isaiah Jackson",46,0.170064,630.585,13.6957,"IND",-0.536051,1.59884,1.06279,1.73579
2024,1627739,"Kris Dunn",54,0.136066,984.565,18.2222,"UTA",-0.49454,1.54967,1.05513,2.66208
2024,1630631,"Jose Alvarado",41,0.179715,702.49,17.122,"NOP",-1.13723,2.15475,1.01752,1.85122
2024,1630228,"Jonathan Kuminga",59,0.237569,1513.1,25.6441,"GSW",-0.0252586,1.03878,1.01352,3.91802
2024,1629655,"Daniel Gafford",55,0.142683,1364.24,24.8,"DAL",0.302435,0.690079,0.992514,3.51385
2024,1629639,"Tyler Herro",36,0.269643,1209.37,33.5833,"MIA",1.42312,-0.448687,0.974428,3.15234
2024,1628372,"Dennis Smith Jr.",46,0.174812,907.627,19.7174,"BKN",-2.04221,3.00433,0.962118,2.39706
2024,1631094,"Paolo Banchero",60,0.294057,2086.15,34.7667,"ORL",0.898504,0.0373814,0.935885,5.47262
2024,1630530,"Trey Murphy III",37,0.184792,1000.4,27.027,"NOP",1.06559,-0.142042,0.923544,2.61604
2024,1629022,"Lonnie Walker IV",42,0.242291,759.097,18.0714,"BKN",0.744376,0.132139,0.876515,1.96092
2024,1631246,"Vince Williams Jr.",50,0.154588,1363.02,27.26,"MEM",-0.635167,1.51119,0.876022,3.52053
2024,1630200,"Tre Jones",57,0.151179,1497.88,26.2632,"SAS",0.417616,0.427539,0.845155,3.83767
2024,203484,"Kentavious Caldwell-Pope",56,0.128773,1781.02,31.8036,"DEN",-0.916228,1.7435,0.827272,4.54157
2024,1629731,"Dean Wade",52,0.103604,1044.98,20.0769,"CLE",-1.52875,2.34628,0.817528,2.61494
2024,203915,"Spencer Dinwiddie",57,0.173946,1688.52,29.614,"LAL",0.891763,-0.142238,0.749525,4.01302
2024,1629636,"Darius Garland",37,0.252313,1218.88,32.9189,"CLE",0.652955,0.0903892,0.743345,2.99005
2024,1631106,"Tari Eason",22,0.18903,480.1,21.8182,"HOU",-1.69751,2.41355,0.71604,1.16903
2024,1629652,"Luguentz Dort",59,0.14949,1675.96,28.3898,"OKC",-0.402382,1.10158,0.699195,4.06217
2024,1627749,"Dejounte Murray",58,0.248307,2030.08,35,"ATL",1.62848,-0.964483,0.663995,4.87303
2024,203078,"Bradley Beal",33,0.240129,1069.38,32.3939,"PHX",0.473223,0.174652,0.647875,2.5974
2024,1629638,"Nickeil Alexander-Walker",62,0.138172,1424.78,22.9677,"MIN",-1.94507,2.54731,0.602233,3.41672
2024,1627747,"Caris LeVert",49,0.228163,1358.45,27.7143,"CLE",-0.704375,1.29849,0.594112,3.19778
2024,1630191,"Isaiah Stewart",39,0.15083,1200.32,30.7692,"DET",-0.997517,1.58575,0.588234,2.82086
2024,1630174,"Aaron Nesmith",54,0.161161,1451.12,26.8704,"IND",0.356469,0.227092,0.583561,3.51741
2024,201942,"DeMar DeRozan",59,0.241854,2230.33,37.7966,"CHI",1.51726,-0.951975,0.56529,5.2075
2024,1630171,"Isaac Okoro",52,0.140912,1370.82,26.3462,"CLE",-0.890399,1.42084,0.530439,3.16892
2024,202685,"Jonas Valanciunas",62,0.207662,1559.47,25.1452,"NOP",2.48414,-1.95554,0.528603,3.6622
2024,1629661,"Cameron Johnson",49,0.193579,1359.25,27.7347,"BKN",1.02402,-0.636316,0.387703,3.06272
2024,1627736,"Malik Beasley",60,0.139241,1769.9,29.4833,"MIL",-0.00782613,0.363243,0.355417,3.94944
2024,1627741,"Buddy Hield",63,0.183037,1700.98,26.9841,"PHI",1.18529,-0.835695,0.349594,3.91119
2024,204456,"T.J. McConnell",52,0.211487,917.737,17.6346,"IND",1.09903,-0.756178,0.342855,2.073
2024,203897,"Zach LaVine",25,0.239509,871.867,34.84,"CHI",0.129925,0.212479,0.342404,1.90661
2024,1630193,"Immanuel Quickley",57,0.229167,1608.48,28.2105,"TOR",1.50302,-1.18505,0.317974,3.54858
2024,1627751,"Jakob Poeltl",50,0.161124,1319.14,26.38,"TOR",0.250573,0.0568022,0.307375,2.90081
2024,202699,"Tobias Harris",55,0.203594,1863.76,33.8727,"PHI",0.924033,-0.633604,0.290429,4.01135
2024,1629130,"Duncan Robinson",56,0.186965,1580.85,28.2143,"MIA",0.692872,-0.423497,0.269375,3.38033
2024,1629632,"Coby White",61,0.225336,2241.46,36.7377,"CHI",2.28499,-2.04792,0.237072,4.74482
2024,1629675,"Naz Reid",62,0.212645,1425.7,22.9839,"MIN",-0.757078,0.986453,0.229375,3.06006
2024,1630183,"Jaden McDaniels",52,0.153507,1509.76,29.0192,"MIN",-1.87518,2.09641,0.221233,3.23217
2024,1630167,"Obi Toppin",63,0.159847,1385.34,21.9841,"IND",0.836504,-0.623845,0.212659,3.0055
2024,203939,"Dwight Powell",51,0.0912201,736.033,14.4314,"DAL",-0.666738,0.870139,0.203401,1.56688
2024,1630166,"Deni Avdija",58,0.195043,1652.68,28.4828,"WAS",-0.129019,0.320682,0.191663,3.44862
2024,1631323,"Simone Fontecchio",60,0.159252,1443.89,24.05,"DET",-0.562223,0.715096,0.152873,3.0733
2024,1631117,"Walker Kessler",51,0.131891,1188.97,23.2941,"UTA",-1.73856,1.885,0.146446,2.48539
2024,1641764,"Brandin Podziemski",52,0.15625,1392.16,26.7692,"GSW",-0.170483,0.290492,0.120009,2.79221
2024,1628415,"Dillon Brooks",52,0.176608,1632.49,31.3846,"HOU",-1.48738,1.58473,0.0973514,3.30424
2024,203967,"Dario Saric",58,0.19205,1059.28,18.2586,"GSW",0.580083,-0.485676,0.0944073,2.10684
2024,1629628,"RJ Barrett",51,0.254152,1600.8,31.3725,"TOR",0.514057,-0.42426,0.0897971,3.28505
2024,200768,"Kyle Lowry",43,0.130545,1212.1,28.186,"PHI",-0.672405,0.75873,0.086325,2.48453
2024,203957,"Dante Exum",36,0.161928,686.267,19.0556,"DAL",1.19414,-1.10829,0.0858467,1.40648
2024,201566,"Russell Westbrook",58,0.237883,1312.63,22.6207,"LAC",-0.950712,1.02566,0.0749497,2.59406
2024,203496,"Robert Covington",29,0.105171,488.433,16.8276,"PHI",-2.45134,2.49897,0.047628,0.988423
2024,203991,"Clint Capela",53,0.163066,1340.35,25.283,"ATL",0.0937775,-0.0750202,0.0187573,2.64297
2024,1629614,"Andrew Nembhard",49,0.174516,1156.81,23.5918,"IND",-1.61889,1.63554,0.0166482,2.35416
2024,1641708,"Amen Thompson",42,0.172965,821.083,19.5476,"HOU",-2.57831,2.54999,-0.0283132,1.59338
2024,1628379,"Luke Kennard",31,0.165247,771.467,24.871,"MEM",0.954965,-0.994378,-0.039413,1.51586
2024,1627827,"Dorian Finney-Smith",53,0.134994,1485.81,28.0189,"BKN",-0.955999,0.913022,-0.0429767,2.9159
2024,1626179,"Terry Rozier",44,0.257176,1491.67,33.8864,"MIA",1.97361,-2.02474,-0.0511296,2.77793
2024,1630214,"Xavier Tillman",37,0.156106,735.686,19.8649,"BOS",-4.03512,3.98344,-0.0516786,1.41624
2024,202691,"Klay Thompson",57,0.228211,1706.84,29.9298,"GSW",0.778466,-0.83282,-0.0543544,3.22892
2024,201143,"Al Horford",51,0.113124,1362.39,26.7059,"BOS",-0.644088,0.494184,-0.149904,2.5338
2024,1630198,"Isaiah Joe",57,0.1574,1052.06,18.4561,"OKC",-0.401692,0.245078,-0.156615,1.95195
2024,1629674,"Neemias Queta",23,0.142857,282.684,12.2609,"BOS",-0.235821,0.0732664,-0.162555,0.523367
2024,1629626,"Bol Bol",24,0.159754,264.527,11,"PHX",-1.13703,0.972696,-0.164329,0.497461
2024,202684,"Tristan Thompson",36,0.130895,445.683,12.3611,"CLE",-1.04321,0.869023,-0.174191,0.821701
2024,1630595,"Cade Cunningham",51,0.291281,1722.99,33.7647,"DET",1.23694,-1.43167,-0.19473,3.15316
2024,1631105,"Jalen Duren",46,0.173112,1384.99,30.087,"DET",0.696529,-0.948075,-0.251545,2.48233
2024,1626145,"Tyus Jones",61,0.162465,1780.26,29.1803,"WAS",1.71422,-1.96864,-0.254425,3.18738
2024,1629651,"Nic Claxton",52,0.157449,1532.84,29.4615,"BKN",-1.14839,0.866611,-0.281779,2.76108
2024,202696,"Nikola Vucevic",56,0.233439,1933.85,34.5179,"CHI",0.112264,-0.402423,-0.290159,3.41645
2024,1629028,"Deandre Ayton",40,0.189345,1263.18,31.575,"POR",-0.895996,0.601962,-0.294034,2.19183
2024,1641709,"Ausar Thompson",61,0.161866,1528.26,25.0492,"DET",-2.75817,2.42752,-0.330651,2.65882
2024,1631157,"Ryan Rollins",10,0.233533,65.8833,6.5,"MIL",-1.44363,1.11292,-0.33071,0.0789181
2024,1631107,"Nikola Jovic",27,0.162879,465.043,17.2222,"MIA",-0.714673,0.373955,-0.340718,0.805957
2024,1630573,"Sam Hauser",60,0.134479,1257.59,20.95,"BOS",-0.255346,-0.100494,-0.35584,2.16687
2024,1630202,"Payton Pritchard",61,0.156963,1245.38,20.4098,"BOS",0.870061,-1.22744,-0.357376,2.14457
2024,1630700,"Dyson Daniels",52,0.124109,1138.77,21.8846,"NOP",-2.03446,1.66535,-0.369117,1.98411
2024,1628960,"Grayson Allen",56,0.137457,1870.83,33.3929,"PHX",0.882474,-1.26212,-0.379646,3.24628
2024,1628970,"Miles Bridges",51,0.241317,1904.65,37.3333,"CHA",-0.197822,-0.238839,-0.436662,3.23166
2024,1630230,"Naji Marshall",50,0.162511,946.028,18.92,"NOP",-1.60948,1.16187,-0.447609,1.59815
2024,1630541,"Moses Moody",46,0.177089,802.7,17.4348,"GSW",-1.37677,0.858151,-0.518624,1.27504
2024,1631093,"Jaden Ivey",57,0.239685,1592.34,27.9298,"DET",0.216025,-0.742238,-0.526214,2.56347
2024,1629659,"Talen Horton-Tucker",39,0.23756,771.497,19.7692,"UTA",-0.425526,-0.127702,-0.553228,1.2483
2024,1628398,"Kyle Kuzma",59,0.300045,1885.44,31.9492,"WAS",0.530884,-1.09846,-0.567579,2.98353
2024,1631095,"Jabari Smith Jr.",56,0.170657,1793.43,32.0179,"HOU",-0.831397,0.262451,-0.568946,2.83629
2024,1628989,"Kevin Huerter",58,0.176574,1465.93,25.2586,"SAC",0.778284,-1.3574,-0.57912,2.27061
2024,1631218,"Trayce Jackson-Davis",47,0.1701,613.708,13.0426,"GSW",0.533193,-1.11684,-0.583649,0.948768
2024,1630215,"Jared Butler",22,0.20283,178.167,8.09091,"WAS",0.825312,-1.47197,-0.646656,0.272573
2024,1641739,"Toumani Camara",58,0.137307,1385.48,23.8793,"POR",-3.15869,2.4983,-0.660387,2.07244
2024,1628370,"Malik Monk",59,0.242758,1533.88,25.9831,"SAC",0.761123,-1.43646,-0.675335,2.27943
2024,1626162,"Kelly Oubre Jr.",48,0.202486,1392.29,29,"PHI",-1.01038,0.320088,-0.690295,2.08968
2024,1627732,"Ben Simmons",15,0.127358,358.91,23.8667,"BKN",-0.61681,-0.0778176,-0.694628,0.546467
2024,1630552,"Jalen Johnson",47,0.178616,1610.5,34.2553,"ATL",-0.901496,0.191934,-0.709561,2.39658
2024,1631212,"Peyton Watson",60,0.162736,1094.59,18.2333,"DEN",-3.15441,2.43211,-0.722302,1.64615
2024,1629014,"Anfernee Simons",37,0.280643,1264.72,34.1622,"POR",2.5758,-3.3078,-0.731993,1.83264
2024,1629006,"Josh Okogie",54,0.124319,925.63,17.1296,"PHX",-2.60642,1.84624,-0.760179,1.36838
2024,1629060,"Rui Hachimura",49,0.182669,1231.14,25.1224,"LAL",-0.589895,-0.172364,-0.762259,1.84761
2024,1630598,"Aaron Wiggins",58,0.157922,841.574,14.5,"OKC",-0.571052,-0.217632,-0.788685,1.20811
2024,203924,"Jerami Grant",52,0.257365,1754.27,33.7308,"POR",0.291019,-1.08333,-0.792307,2.47289
2024,1630172,"Patrick Williams",43,0.164702,1174.12,27.3023,"CHI",-1.65456,0.842733,-0.811828,1.66744
2024,201587,"Nicolas Batum",41,0.0849504,992.591,24.1951,"PHI",-1.00341,0.178531,-0.824874,1.42402
2024,1630180,"Saddiq Bey",60,0.161741,1957.02,32.6167,"ATL",0.600732,-1.45668,-0.855953,2.72195
2024,1628998,"Cody Martin",28,0.158998,753.011,26.8929,"CHA",-3.25216,2.39288,-0.859273,1.06282
2024,1626220,"Royce O'Neale",59,0.135504,1487.72,25.2034,"PHX",-1.72223,0.856589,-0.865637,2.05965
2024,203471,"Dennis Schroder",62,0.198665,1870.94,30.1613,"BKN",0.184697,-1.0743,-0.8896,2.64436
2024,1630194,"Paul Reed",61,0.146657,1118.95,18.3279,"PHI",-0.0785289,-0.877717,-0.956246,1.48177
2024,1641717,"Cason Wallace",61,0.122746,1249.52,20.4754,"OKC",-1.62927,0.594953,-1.03432,1.58989
2024,1629018,"Gary Trent Jr.",57,0.180066,1535.78,26.9298,"TOR",-0.913526,-0.12799,-1.04152,1.97869
2024,1631260,"AJ Green",41,0.163105,388.312,9.46341,"MIL",0.662543,-1.7295,-1.06696,0.493629
2024,1627884,"Derrick Jones Jr.",57,0.146712,1367.02,23.9825,"DAL",-1.73984,0.659361,-1.08048,1.72529
2024,1630583,"Santi Aldama",50,0.186585,1267.42,25.34,"MEM",-1.5873,0.479874,-1.10742,1.57654
2024,1641706,"Brandon Miller",55,0.230071,1762.15,32.0364,"CHA",-0.438675,-0.685489,-1.12416,2.17202
2024,1628963,"Marvin Bagley III",44,0.207111,932.401,21.1818,"WAS",0.345933,-1.48671,-1.14077,1.13882
2024,202722,"Davis Bertans",24,0.172727,234.715,9.75,"CHA",1.0253,-2.16876,-1.14346,0.290869
2024,1628997,"Caleb Martin",44,0.169791,1186.71,26.9545,"MIA",-1.49655,0.351348,-1.1452,1.42257
2024,203486,"Mason Plumlee",27,0.136535,456.922,16.8889,"LAC",-1.00036,-0.145125,-1.14548,0.53867
2024,1630245,"Ayo Dosunmu",59,0.160375,1591.2,26.9661,"CHI",-1.11896,-0.0278027,-1.14676,1.90579
2024,1641715,"Cam Whitmore",35,0.260504,610.779,17.4286,"HOU",-0.526488,-0.647663,-1.17415,0.720424
2024,1630168,"Onyeka Okongwu",53,0.133114,1366.85,25.7736,"ATL",-0.0208483,-1.15973,-1.18057,1.60639
2024,1630559,"Austin Reaves",63,0.198748,1979.05,31.4127,"LAL",0.935456,-2.15177,-1.21631,2.35362
2024,1629631,"De'Andre Hunter",37,0.193208,1042.68,28.1622,"ATL",0.469465,-1.71161,-1.24215,1.18277
2024,1627780,"Gary Payton II",26,0.138432,408.25,15.6923,"GSW",-2.41878,1.17425,-1.24453,0.454872
2024,1629162,"Jordan McLaughlin",37,0.129606,328.611,8.86487,"MIN",-2.1203,0.862189,-1.25811,0.375332
2024,1628449,"Chris Boucher",48,0.169787,649.95,13.5208,"TOR",-0.0959505,-1.16558,-1.26153,0.740854
2024,1629026,"Kenrich Williams",50,0.125379,716.872,14.32,"OKC",-1.68366,0.415746,-1.26791,0.80092
2024,203084,"Harrison Barnes",60,0.146476,1769.53,29.4833,"SAC",-0.816152,-0.477787,-1.29394,1.9145
2024,1630173,"Precious Achiuwa",55,0.163385,1236.62,22.4727,"NYK",-1.37543,0.0637935,-1.31164,1.36775
2024,1630581,"Josh Giddey",60,0.220712,1475.43,24.5833,"OKC",-0.449005,-0.865103,-1.31411,1.60314
2024,203482,"Kelly Olynyk",60,0.158788,1233.71,20.55,"TOR",-0.0585827,-1.25898,-1.31756,1.38153
2024,1626204,"Larry Nance Jr.",44,0.113039,807.841,18.3409,"NOP",-2.28507,0.956829,-1.32824,0.884446
2024,203914,"Gary Harris",39,0.121563,893.735,22.8974,"ORL",-1.11006,-0.22236,-1.33242,0.975965
2024,1630544,"Tre Mann",24,0.180735,454.612,18.9167,"CHA",-1.15413,-0.193983,-1.34811,0.499553
2024,1629020,"Jarred Vanderbilt",29,0.113194,581.326,20.0345,"LAL",-3.18267,1.82042,-1.36225,0.633156
2024,1630547,"James Bouknight",14,0.240437,80.9,5.71429,"CHA",-0.403497,-0.967071,-1.37057,0.0695645
2024,1628988,"Aaron Holiday",58,0.156002,979,16.8793,"HOU",-1.54162,0.168009,-1.37361,1.02505
2024,201976,"Patrick Beverley",57,0.149051,1103.16,19.3509,"MIL",-2.468,1.04416,-1.42383,1.09992
2024,1630647,"Eugene Omoruyi",29,0.233929,220.265,7.58621,"WAS",-0.688596,-0.757106,-1.4457,0.220078
2024,1641713,"GG Jackson",29,0.230226,599.274,20.6552,"MEM",-1.6528,0.204488,-1.44831,0.607526
2024,1629640,"Keldon Johnson",58,0.21681,1717.09,29.6034,"SAS",-0.410922,-1.07075,-1.48167,1.70207
2024,1630224,"Jalen Green",61,0.268795,1873.09,30.7049,"HOU",-0.583118,-0.907135,-1.49025,1.81608
2024,1628404,"Josh Hart",61,0.13223,1916.59,31.4098,"NYK",-2.0345,0.540357,-1.49414,1.88369
2024,1629656,"Quentin Grimes",49,0.15338,988.558,20.1633,"DET",-2.60462,1.09975,-1.50487,0.964424
2024,202692,"Alec Burks",53,0.235523,1066.56,20.1132,"NYK",-0.0710151,-1.439,-1.51002,1.02009
2024,201569,"Eric Gordon",51,0.170406,1511.75,29.6275,"PHX",-0.621617,-0.896143,-1.51776,1.46169
2024,1629023,"P.J. Washington",54,0.194269,1609.39,29.7963,"DAL",-1.10722,-0.422652,-1.52987,1.49317
2024,1630577,"Julian Champagnie",54,0.141736,903.559,16.7222,"SAS",-1.12734,-0.438632,-1.56597,0.844232
2024,1626181,"Norman Powell",59,0.191061,1518.02,25.7288,"LAC",-0.159773,-1.41019,-1.56996,1.36864
2024,1631217,"Moussa Diabate",11,0.173913,64.2333,5.81818,"LAC",-0.731555,-0.844993,-1.57655,0.0576359
2024,1628470,"Torrey Craig",33,0.122086,694.083,21.0303,"CHI",-1.81148,0.208319,-1.60317,0.620903
2024,1628436,"Luke Kornet",44,0.109489,642.153,14.5909,"BOS",-0.47727,-1.15209,-1.62936,0.563274
2024,203501,"Tim Hardaway Jr.",59,0.228027,1699.14,28.7966,"DAL",0.0507796,-1.69403,-1.64325,1.49893
2024,1629312,"Haywood Highsmith",45,0.120956,931.793,20.6889,"MIA",-2.60101,0.931254,-1.66976,0.792336
2024,1629052,"Oshae Brissett",40,0.142445,427.041,10.675,"BOS",-1.93486,0.264346,-1.67052,0.362912
2024,1630570,"Trendon Watford",44,0.19187,511.407,11.6136,"BKN",-0.342196,-1.34184,-1.68403,0.437069
2024,1628381,"John Collins",58,0.194368,1630.53,28.1034,"UTA",0.31208,-2.02538,-1.7133,1.3613
2024,1630240,"Saben Lee",19,0.190736,158.105,8.31579,"PHX",-1.95155,0.231935,-1.71961,0.131325
2024,1626172,"Kevon Looney",60,0.107592,1026.61,17.1,"GSW",-0.646389,-1.07782,-1.72421,0.822132
2024,1630175,"Cole Anthony",61,0.232914,1398.15,22.918,"ORL",-1.08265,-0.66403,-1.74667,1.13579
2024,1629629,"Cam Reddish",39,0.128703,870.656,22.3077,"LAL",-3.69135,1.92271,-1.76864,0.705566
2024,1631170,"Jaime Jaquez Jr.",55,0.185997,1620.47,29.4545,"MIA",-1.47469,-0.295633,-1.77032,1.2697
2024,202330,"Gordon Hayward",32,0.190498,899.893,28.0938,"OKC",-1.79564,0.00937735,-1.78626,0.684172
2024,1630572,"Sandro Mamukelashvili",33,0.160377,212.802,6.42424,"SAS",-1.39571,-0.407828,-1.80353,0.164701
2024,1628971,"Bruce Brown",52,0.159752,1462.56,28.1154,"TOR",-1.07114,-0.739322,-1.81046,1.10698
2024,1630540,"Miles McBride",49,0.177381,722.433,14.7347,"NYK",-1.06631,-0.746343,-1.81265,0.55469
2024,1631165,"Keon Ellis",35,0.128068,405.413,11.5714,"SAC",-1.63697,-0.20918,-1.84615,0.292366
2024,203937,"Kyle Anderson",60,0.138063,1319.52,21.9833,"MIN",-3.24247,1.36945,-1.87302,0.959367
2024,1630256,"Jae'Sean Tate",53,0.110083,904.795,17.0566,"HOU",-3.08905,1.11229,-1.97676,0.584884
2024,1631216,"Caleb Houstan",45,0.126724,665.273,14.7778,"ORL",-1.31716,-0.660487,-1.97765,0.4367
2024,1630560,"Cam Thomas",48,0.294551,1430.78,29.7917,"BKN",-0.0292832,-1.9885,-2.01779,0.900424
2024,1628426,"Sasha Vezenkov",35,0.17304,439.706,12.5429,"SAC",-0.87179,-1.15187,-2.02366,0.266106
2024,203109,"Jae Crowder",31,0.106943,765.342,24.6774,"MIL",-3.37919,1.35163,-2.02756,0.476597
2024,201568,"Danilo Gallinari",38,0.173216,538.601,14.1579,"MIL",-0.209335,-1.83259,-2.04193,0.298225
2024,1630208,"Nick Richards",52,0.133825,1357.82,26.0962,"CHA",-0.717107,-1.3381,-2.0552,0.820214
2024,1626166,"Cameron Payne",57,0.176056,896.923,15.7193,"PHI",-0.25532,-1.80921,-2.06453,0.544798
2024,204060,"Joe Ingles",48,0.117136,830.426,17.2917,"ORL",-1.09891,-0.970403,-2.06931,0.493721
2024,1641741,"Ricky Council IV",19,0.225664,180.12,9.47368,"PHI",-0.699153,-1.37833,-2.07749,0.104384
2024,1629673,"Jordan Poole",59,0.254846,1728.22,29.2881,"WAS",-0.937098,-1.14503,-2.08212,0.996218
2024,1626153,"Delon Wright",36,0.130687,511.424,14.1944,"MIA",-1.89803,-0.187874,-2.0859,0.28871
2024,203903,"Jordan Clarkson",51,0.255398,1553.29,30.451,"UTA",-0.508309,-1.59684,-2.10515,0.88592
2024,1626168,"Trey Lyles",45,0.140523,891.777,19.8,"SAC",-0.782404,-1.33158,-2.11399,0.487067
2024,1627752,"Taurean Prince",60,0.13183,1739.7,28.9833,"LAL",-2.25331,0.117351,-2.13596,0.971469
2024,1631173,"Terquavion Smith",12,0.235602,69.2285,5.75,"PHI",-1.00732,-1.17749,-2.18481,0.0351846
2024,202704,"Reggie Jackson",62,0.205198,1406.69,22.6774,"DEN",-0.828348,-1.37052,-2.19887,0.713303
2024,1626174,"Christian Wood",50,0.173913,871.929,17.42,"LAL",-2.83141,0.628729,-2.20268,0.446986
2024,1628365,"Markelle Fultz",25,0.176384,575.289,23,"ORL",-2.35595,0.152888,-2.20306,0.29009
2024,1630537,"Chris Duarte",43,0.13969,569.498,13.2326,"SAC",-3.041,0.831621,-2.20938,0.275553
2024,1630346,"Matt Ryan",19,0.148886,349.55,18.3684,"NOP",-1.37582,-0.836629,-2.21245,0.174044
2024,1631204,"Marcus Sasser",52,0.190661,851.833,16.3654,"DET",-0.0503851,-2.16478,-2.21517,0.415759
2024,1629611,"Terance Mann",54,0.129506,1360.75,25.1852,"LAC",-1.2963,-0.921571,-2.21787,0.65086
2024,202711,"Bojan Bogdanovic",37,0.245847,1149.55,31.0541,"NYK",0.54607,-2.79799,-2.25192,0.533004
2024,1630611,"Gui Santos",15,0.146479,137.632,9.13333,"GSW",-0.778454,-1.48548,-2.26394,0.0534634
2024,203995,"Vasilije Micic",41,0.185239,619.04,15.0976,"CHA",-2.15151,-0.190875,-2.34239,0.258021
2024,1629013,"Landry Shamet",44,0.187872,703.46,15.9773,"WAS",-1.29131,-1.0548,-2.3461,0.282164
2024,1629680,"Matisse Thybulle",57,0.104267,1322.82,23.193,"POR",-3.38466,1.02109,-2.36357,0.506799
2024,1631110,"Jeremy Sochan",62,0.18242,1831.69,29.5323,"SAS",-2.23862,-0.128891,-2.36751,0.720282
2024,1630207,"Nate Hinton",11,0.163265,57.5178,5.18182,"HOU",-1.17694,-1.19467,-2.3716,0.0220967
2024,1641710,"Anthony Black",56,0.121274,1032.42,18.4286,"ORL",-3.5657,1.18794,-2.37777,0.39883
2024,1630205,"Lamar Stevens",28,0.218453,307.868,10.9643,"MEM",-2.47441,0.0671293,-2.40728,0.112798
2024,201565,"Derrick Rose",24,0.221985,399.333,16.625,"MEM",-1.3688,-1.05068,-2.41948,0.14302
2024,1630557,"Corey Kispert",59,0.199327,1340.41,22.7119,"WAS",-0.525403,-1.89861,-2.42401,0.468285
2024,1631101,"Shaedon Sharpe",32,0.220594,1059.03,33.0938,"POR",-1.67079,-0.771224,-2.44201,0.351467
2024,1630692,"Jordan Goodwin",45,0.175668,706.963,15.6889,"MEM",-2.2348,-0.249467,-2.48427,0.215105
2024,1626171,"Bobby Portis",62,0.216823,1487.48,23.9839,"MIL",0.0229019,-2.52355,-2.50065,0.451226
2024,1629684,"Grant Williams",58,0.146578,1567.27,27.0172,"CHA",-2.13691,-0.367335,-2.50424,0.486842
2024,202687,"Bismack Biyombo",34,0.105476,741.54,21.7941,"OKC",-3.13707,0.604629,-2.53244,0.138231
2024,1631119,"Jaylin Williams",50,0.135117,627.999,12.54,"OKC",-1.79645,-0.754732,-2.55119,0.166351
2024,1630182,"Josh Green",49,0.131756,1339.51,27.3265,"DAL",-1.34292,-1.21652,-2.55945,0.353172
2024,203952,"Andrew Wiggins",51,0.200479,1388.04,27.2157,"GSW",-1.21918,-1.35152,-2.5707,0.343958
2024,201152,"Thaddeus Young",25,0.125,378.728,15.12,"PHX",-0.591125,-2.02091,-2.61204,0.0822267
2024,1628975,"Jevon Carter",58,0.175202,782.32,13.4828,"CHI",-3.15869,0.543227,-2.61547,0.173828
2024,1630322,"Lindy Waters III",26,0.14742,176.338,6.76923,"OKC",-1.21456,-1.42867,-2.64322,0.0359307
2024,1629111,"Jock Landale",35,0.126708,316.135,9.02857,"HOU",-3.43546,0.790342,-2.64512,0.0640175
2024,1631207,"Dalen Terry",40,0.120457,404.228,10.1,"CHI",-3.16288,0.499484,-2.66339,0.0769506
2024,1629646,"Charles Bassey",19,0.110895,205.283,10.7895,"SAS",-2.05214,-0.627453,-2.6796,0.0374738
2024,203458,"Alex Len",26,0.136612,227.428,8.73077,"SAC",-1.89136,-0.791632,-2.68299,0.039011
2024,1631367,"Jacob Gilyard",37,0.11518,653.77,17.6486,"BKN",-0.256135,-2.45348,-2.70962,0.102672
2024,1629723,"John Konchar",47,0.0969082,925.081,19.6809,"MEM",-3.10478,0.388376,-2.7164,0.145885
2024,1629234,"Drew Eubanks",56,0.136537,890.546,15.8929,"PHX",-3.01808,0.261951,-2.75613,0.116555
2024,1631133,"Jabari Walker",56,0.160013,1240.96,22.1429,"POR",-1.8821,-0.892315,-2.77442,0.14235
2024,1630243,"Trevelin Queen",13,0.138889,163.101,12.5385,"ORL",-4.09624,1.26985,-2.82639,0.0136104
2024,201599,"DeAndre Jordan",29,0.149292,326.987,11.2414,"DEN",-1.54116,-1.29017,-2.83133,0.026196
2024,1628464,"Daniel Theis",45,0.149724,781.3,17.3556,"LAC",-1.4485,-1.43208,-2.88058,0.0360268
2024,1641854,"Craig Porter Jr.",37,0.203655,503.784,13.5946,"CLE",-0.999434,-1.93633,-2.93577,0.00476206
2024,1629599,"Amir Coffey",48,0.110958,906.881,18.875,"LAC",-2.12863,-0.817473,-2.9461,0.00231011
2024,1631230,"Dominick Barlow",24,0.140351,307.002,12.7917,"SAS",-1.8531,-1.09855,-2.95165,-0.000341892
2024,1630592,"Jalen Wilson",24,0.127764,342.182,14.25,"BKN",-0.99313,-1.97242,-2.96555,-0.00359186
2024,1641716,"Jarace Walker",21,0.166972,207.942,9.85714,"IND",-2.56804,-0.412651,-2.98069,-0.00437818
2024,1629007,"Jontay Porter",19,0.164948,244.333,12.8421,"TOR",-2.14004,-0.841852,-2.98189,-0.00339365
2024,1628385,"Harry Giles III",16,0.254464,84.7498,5.25,"LAL",-1.30991,-1.67786,-2.98777,-0.00177745
2024,1628981,"Bruno Fernando",24,0.182812,268.73,11.1667,"ATL",-2.37071,-0.618404,-2.98911,-0.00698096
2024,1628984,"Devonte' Graham",12,0.148148,99.3333,8.25,"SAS",-1.68944,-1.31024,-2.99968,-0.00333152
2024,1628964,"Mo Bamba",39,0.166667,434.191,11.1282,"PHI",-2.10033,-0.900667,-3.001,-0.0147069
2024,201580,"JaVale McGee",39,0.211465,310.083,7.94872,"SAC",-1.74193,-1.26135,-3.00328,-0.010793
2024,1628380,"Zach Collins",50,0.216798,1159.26,23.18,"SAS",-1.49975,-1.54756,-3.04731,-0.076159
2024,1630553,"Keon Johnson",4,0.222222,51.05,12.75,"BKN",-1.7197,-1.33376,-3.05347,-0.00339325
2024,1631221,"Collin Gillespie",19,0.162667,161.168,8.47368,"DEN",-2.50863,-0.552753,-3.06138,-0.0121183
2024,203469,"Cody Zeller",38,0.11849,301.3,7.92105,"NOP",-2.48093,-0.585708,-3.06664,-0.023725
2024,201145,"Jeff Green",59,0.145329,965.728,16.3559,"HOU",-2.80214,-0.266702,-3.06884,-0.0762287
2024,1630702,"Jaden Hardy",55,0.234715,802.916,14.5818,"DAL",-1.73093,-1.34602,-3.07694,-0.0688082
2024,1641767,"Ben Sheppard",38,0.127793,449.468,11.8158,"IND",-2.14403,-0.952103,-3.09613,-0.0450563
2024,1631466,"Nate Williams",11,0.169154,76.0667,6.90909,"HOU",-2.53761,-0.584419,-3.12203,-0.00869169
2024,1630219,"Skylar Mays",31,0.181181,418.994,13.4839,"LAL",-2.09797,-1.04965,-3.14761,-0.0540937
2024,1630649,"Stanley Umude",17,0.160714,189.967,11.1176,"DET",-1.25985,-1.89332,-3.15317,-0.0256347
2024,1631115,"Orlando Robinson",27,0.147799,273,10.1111,"MIA",-2.04597,-1.10971,-3.15568,-0.0372958
2024,1629637,"Jaxson Hayes",52,0.119414,586.818,11.2692,"LAL",-2.4455,-0.72071,-3.16621,-0.0870327
2024,1630639,"A.J. Lawson",29,0.173333,233.122,8.03448,"DAL",-2.11731,-1.07758,-3.19488,-0.0385389
2024,1628995,"Kevin Knox II",31,0.157664,560.22,18.0645,"UTA",-2.17529,-1.03643,-3.21172,-0.0686481
2024,203095,"Evan Fournier",12,0.194444,205.71,17.0833,"DET",-3.0222,-0.2116,-3.2338,-0.0394124
2024,1631121,"Bryce McGowens",49,0.139797,778.719,15.8776,"CHA",-3.00578,-0.249538,-3.25531,-0.160505
2024,1631306,"Cole Swider",11,0.237037,54.52,4.90909,"MIA",-3.10546,-0.205686,-3.31114,-0.0130777
2024,1630533,"Ziaire Williams",51,0.193496,1037.7,20.3333,"MEM",-3.53315,0.146854,-3.3863,-0.305645
2024,1630846,"Olivier Sarr",14,0.130631,94.55,6.71429,"OKC",-2.29369,-1.10291,-3.3966,-0.0280462
2024,1641718,"Keyonte George",56,0.212858,1421.03,25.375,"UTA",-1.28564,-2.11724,-3.40288,-0.434457
2024,1629670,"Jordan Nwora",33,0.208061,363.818,11,"TOR",-2.19388,-1.23642,-3.4303,-0.116062
2024,203552,"Seth Curry",43,0.160579,615.411,14.3023,"CHA",-2.6199,-0.825287,-3.44518,-0.212363
2024,1631128,"Christian Braun",62,0.153683,1191.77,19.2097,"DEN",-3.21682,-0.234872,-3.45169,-0.403634
2024,1630264,"Anthony Gill",32,0.168203,172.967,5.375,"WAS",-3.12489,-0.357098,-3.48199,-0.0611173
2024,1629650,"Moses Brown",12,0.136546,103.633,8.58333,"POR",-2.83907,-0.658901,-3.49797,-0.0371002
2024,1630562,"Matt Hurt",7,0.137405,107.033,15.2857,"MEM",-3.29737,-0.226564,-3.52393,-0.00668878
2024,1627777,"Georges Niang",61,0.171791,1300.2,21.3115,"CLE",-1.99327,-1.53695,-3.53023,-0.50108
2024,1630165,"Killian Hayes",42,0.148802,1007.66,23.9762,"DET",-2.40745,-1.12489,-3.53234,-0.319468
2024,1628966,"Keita Bates-Diop",47,0.128706,644.056,13.7021,"BKN",-3.29695,-0.243705,-3.54066,-0.260956
2024,1631097,"Bennedict Mathurin",59,0.227333,1538.4,26.0678,"IND",-1.97866,-1.56832,-3.54698,-0.630002
2024,1629642,"Nassir Little",34,0.126719,425.833,12.5,"PHX",-3.59628,0.0463838,-3.54989,-0.172455
2024,1627863,"Danuel House Jr.",34,0.116585,509.065,14.9706,"PHI",-3.80484,0.254895,-3.54995,-0.166274
2024,1627745,"Damian Jones",25,0.132743,150.032,6,"CLE",-3.19566,-0.378702,-3.57436,-0.0622183
2024,1631172,"Ousmane Dieng",29,0.163158,325.532,11.2069,"OKC",-2.35212,-1.23913,-3.59126,-0.138651
2024,1630204,"Ashton Hagans",10,0.139474,160.89,16,"POR",-3.92131,0.313182,-3.60812,-0.0115293
2024,203200,"Justin Holiday",38,0.102025,548.69,14.4211,"DEN",-2.29003,-1.32999,-3.62003,-0.248187
2024,1629002,"Chimezie Metu",37,0.173786,447.517,12.0811,"PHX",-2.23521,-1.40819,-3.64339,-0.175695
2024,1626196,"Josh Richardson",43,0.1607,1102.84,25.6279,"MIA",-2.0511,-1.59867,-3.64977,-0.512586
2024,1641722,"Jordan Hawkins",55,0.192308,1074.81,19.5273,"NOP",-0.873833,-2.80156,-3.67539,-0.52634
2024,1626224,"Cedi Osman",62,0.146652,1092.65,17.6129,"SAS",-1.96948,-1.72337,-3.69284,-0.547946
2024,203490,"Otto Porter Jr.",15,0.0835267,174.067,11.6,"UTA",-3.52477,-0.18605,-3.71082,-0.0879616
2024,1631200,"Kris Murray",40,0.128991,642.169,16.05,"POR",-3.88657,0.174952,-3.71162,-0.319528
2024,1631169,"Josh Minott",21,0.169697,61.9783,2.90476,"MIN",-2.58604,-1.17951,-3.76555,-0.0341231
2024,1628418,"Thomas Bryant",26,0.169408,264.466,10.1538,"MIA",-2.10394,-1.68,-3.78395,-0.14649
2024,1641723,"Kobe Bufkin",9,0.203704,89.035,9.88889,"ATL",-3.31239,-0.497135,-3.80953,-0.0508297
2024,1630164,"James Wiseman",42,0.148199,604.515,14.381,"DET",-2.08104,-1.75032,-3.83136,-0.353883
2024,1629669,"Jaylen Nowell",9,0.162667,156.15,17.3333,"MEM",-3.57596,-0.27704,-3.853,-0.0138178
2024,202083,"Wesley Matthews",22,0.108621,245.733,11.1364,"ATL",-4.46218,0.608326,-3.85385,-0.147522
2024,1641707,"Taylor Hendricks",23,0.136821,401.092,17.4348,"UTA",-2.79186,-1.06261,-3.85447,-0.244904
2024,1630534,"Ochai Agbaji",61,0.127788,1162.78,19.0492,"TOR",-3.47455,-0.398575,-3.87313,-0.736323
2024,1631257,"Jermaine Samuels Jr.",11,0.0930233,53.0345,4.81818,"HOU",-2.82827,-1.07132,-3.89959,-0.0334498
2024,1629004,"Svi Mykhailiuk",26,0.169661,206.1,7.92308,"BOS",-2.74739,-1.18582,-3.93321,-0.134593
2024,1629717,"Armoni Brooks",10,0.185328,104.017,10.4,"BKN",-2.25408,-1.68035,-3.93443,-0.0401383
2024,1629057,"Robert Williams III",6,0.123288,118.75,19.6667,"POR",-2.87699,-1.1425,-4.01949,-0.0829719
2024,1641730,"Noah Clowney",7,0.143713,69.0333,9.85714,"BKN",-1.70963,-2.32846,-4.03809,-0.050709
2024,1630538,"Bones Hyland",22,0.236652,292.178,13.2727,"LAC",-3.59592,-0.473596,-4.06952,-0.213698
2024,202694,"Marcus Morris Sr.",37,0.158311,636.833,17.1892,"SAS",-2.24547,-1.82521,-4.07068,-0.450717
2024,1641712,"Rayan Rupert",19,0.171875,155.977,8.1579,"POR",-2.83662,-1.2796,-4.11622,-0.118839
2024,1630696,"Dru Smith",9,0.128713,130.9,14.4444,"MIA",-2.87627,-1.26419,-4.14046,-0.103503
2024,1626158,"Richaun Holmes",31,0.143396,321.326,10.3548,"WAS",-3.20865,-0.939656,-4.1483,-0.264132
2024,1628420,"Monte Morris",16,0.174229,234.94,14.625,"MIN",-2.70458,-1.44495,-4.14953,-0.187183
2024,1629618,"Jalen Pickett",20,0.16318,106.617,5.3,"DEN",-2.74458,-1.40674,-4.15132,-0.0864659
2024,1641787,"Tosan Evbuomwan",6,0.0970874,90.1947,15,"DET",-3.40674,-0.753457,-4.1602,-0.0166393
2024,1631124,"Julian Strawther",39,0.191115,494.983,12.6667,"DEN",-2.60877,-1.55328,-4.16204,-0.405013
2024,1628972,"Troy Brown Jr.",43,0.150043,492.533,11.4419,"DET",-1.83095,-2.37795,-4.2089,-0.418588
2024,1631116,"Patrick Baldwin Jr.",20,0.14578,152.501,7.6,"WAS",-3.31226,-0.92266,-4.23492,-0.130151
2024,1631220,"Dereon Seabron",6,0.123077,55.0833,9.16667,"NOP",-3.74339,-0.515065,-4.25846,-0.0486563
2024,203926,"Doug McDermott",52,0.147346,765.837,14.7115,"IND",-1.45258,-2.86151,-4.31409,-0.705243
2024,1630526,"Jeremiah Robinson-Earl",27,0.138414,261.295,9.66667,"NOP",-2.70883,-1.63613,-4.34496,-0.226222
2024,1630192,"Zeke Nnaji",47,0.16407,459.108,9.76596,"DEN",-3.7804,-0.570545,-4.35094,-0.434206
2024,1631222,"Jake LaRavia",17,0.190244,253.842,14.8824,"MEM",-3.53263,-0.870368,-4.403,-0.248994
2024,1630531,"Jaden Springer",37,0.178533,396.749,10.7027,"BOS",-4.11923,-0.30654,-4.42577,-0.382519
2024,1631288,"Jamal Cain",16,0.159176,225.187,14.0625,"MIA",-3.46251,-0.968807,-4.43131,-0.221558
2024,201988,"Patty Mills",19,0.116935,201.917,10.5789,"ATL",-4.13161,-0.300774,-4.43238,-0.189029
2024,1630296,"Braxton Key",17,0.150794,54.601,3.17647,"DEN",-3.11864,-1.31667,-4.43531,-0.054749
2024,1630231,"Kenyon Martin Jr.",44,0.129246,499.749,11.3409,"PHI",-3.72152,-0.744913,-4.46644,-0.511607
2024,1631223,"David Roddy",54,0.176362,1139.35,21.0926,"PHX",-3.81771,-0.672884,-4.4906,-1.18497
2024,1629216,"Gabe Vincent",5,0.115512,127.417,25.4,"LAL",-4.41741,-0.0834852,-4.5009,-0.135556
2024,1630625,"Dalano Banton",33,0.211285,339.673,10.2727,"POR",-2.27261,-2.22878,-4.50139,-0.350011
2024,1630678,"Terry Taylor",23,0.109626,160.817,6.95652,"CHI",-3.68254,-0.826468,-4.50901,-0.166525
2024,1629678,"Admiral Schofield",15,0.175,52.995,3.46667,"ORL",-3.56501,-0.947448,-4.51246,-0.055899
2024,1628467,"Maxi Kleber",25,0.105429,549.517,21.96,"DAL",-3.64412,-0.882248,-4.52637,-0.584787
2024,1628962,"Udoka Azubuike",14,0.119691,107.365,7.64286,"PHX",-3.00251,-1.58747,-4.58998,-0.118867
2024,1631311,"Lester Quinones",26,0.164527,341.01,13.1154,"GSW",-2.09292,-2.53308,-4.626,-0.373387
2024,203488,"Mike Muscala",38,0.136953,520.267,13.6842,"OKC",-3.02973,-1.6145,-4.64423,-0.566265
2024,202066,"Garrett Temple",16,0.162921,68.8677,4.25,"TOR",-3.47114,-1.19352,-4.66466,-0.0797173
2024,1629643,"Chuma Okeke",37,0.127494,392.063,10.5946,"ORL",-3.79413,-0.879241,-4.67337,-0.456137
2024,1631108,"Max Christie",49,0.131053,801.109,16.3469,"LAL",-3.96798,-0.73378,-4.70176,-0.962662
2024,1631254,"Kenneth Lofton Jr.",17,0.212687,107.633,6.29412,"PHI",-4.54987,-0.153528,-4.7034,-0.117131
2024,1630579,"Jericho Sims",35,0.0601504,460.501,13.1429,"NYK",-2.91397,-1.80928,-4.72325,-0.551265
2024,1631104,"Blake Wesley",41,0.137747,535.967,13.0488,"SAS",-3.13016,-1.59879,-4.72895,-0.643666
2024,1630556,"Kessler Edwards",39,0.123077,189.405,4.84615,"SAC",-3.37846,-1.36471,-4.74317,-0.221887
2024,1629726,"Garrison Mathews",45,0.0991254,575.817,12.7778,"ATL",-3.23722,-1.51399,-4.75121,-0.688883
2024,202709,"Cory Joseph",26,0.109875,295.885,11.3462,"IND",-3.36629,-1.39441,-4.7607,-0.285846
2024,201577,"Robin Lopez",16,0.141026,64.703,4,"MIL",-3.77824,-1.00952,-4.78775,-0.067326
2024,1641748,"Andre Jackson Jr.",47,0.0956816,499.831,10.617,"MIL",-2.50337,-2.30602,-4.80939,-0.627415
2024,1630201,"Malachi Flynn",52,0.170564,601.495,11.5577,"DET",-3.02858,-1.8031,-4.83168,-0.76408
2024,1630314,"Brandon Williams",12,0.2,59.0817,4.91667,"DAL",-2.96235,-1.88575,-4.8481,-0.0378532
2024,1627788,"Furkan Korkmaz",35,0.126876,299.978,8.54286,"PHI",-3.30281,-1.56952,-4.87233,-0.313946
2024,1626192,"Pat Connaughton",56,0.100629,1200.85,21.4286,"MIL",-2.55631,-2.39917,-4.95548,-1.6258
2024,1630699,"MarJon Beauchamp",44,0.138451,584.552,13.2727,"MIL",-3.21284,-1.74986,-4.9627,-0.79426
2024,1641731,"Bilal Coulibaly",57,0.137978,1527.03,26.7895,"WAS",-4.39837,-0.587711,-4.98608,-2.0651
2024,1641931,"Onuralp Bitim",5,0.145833,62.1317,12.4,"CHI",-3.98102,-1.04199,-5.02302,-0.0841464
2024,1641711,"Gradey Dick",41,0.153567,677.521,16.5122,"TOR",-2.60548,-2.44658,-5.05206,-0.961453
2024,1630235,"Trent Forrest",23,0.121547,228.418,9.91304,"ATL",-4.3747,-0.74046,-5.11516,-0.328487
2024,1630558,"Davion Mitchell",50,0.144237,667.8,13.34,"SAC",-3.35848,-1.77106,-5.12955,-0.950893
2024,1630703,"Scoot Henderson",43,0.251435,1159.58,26.9535,"POR",-2.61808,-2.51796,-5.13604,-1.65608
2024,1630181,"R.J. Hampton",8,0.0972973,76.0167,9.5,"WAS",-4.14432,-1.02856,-5.17288,-0.0975144
2024,1641753,"Chris Livingston",16,0.130435,68.6008,4.25,"MIL",-4.17743,-1.00478,-5.18221,-0.103377
2024,1629010,"Jerome Robinson",14,0.18,56.1,4,"GSW",-4.06193,-1.17206,-5.23399,-0.08371
2024,1630527,"Brandon Boston Jr.",19,0.244514,129.267,6.78947,"LAC",-2.81995,-2.43493,-5.25488,-0.194651
2024,1629308,"Juan Toscano-Anderson",11,0.10687,52.6668,4.72727,"SAC",-4.51409,-0.767489,-5.28158,-0.0240673
2024,1630550,"JT Thor",47,0.112195,595.338,12.6596,"CHA",-4.83116,-0.474051,-5.30521,-0.94657
2024,200782,"P.J. Tucker",18,0.0414673,269.742,14.9444,"LAC",-5.20423,-0.103388,-5.30762,-0.408546
2024,1629139,"Yuta Watanabe",34,0.130237,464.417,13.6471,"MEM",-4.8388,-0.525823,-5.36463,-0.757038
2024,1641778,"Leaky Black",22,0.100592,217.803,9.86364,"CHA",-3.46455,-1.90289,-5.36744,-0.355451
2024,1631103,"Malaki Branham",57,0.188206,1172.5,20.5614,"SAS",-2.44911,-2.97958,-5.4287,-1.96199
2024,1629003,"Shake Milton",42,0.176296,553.818,13.1667,"NYK",-4.29062,-1.18272,-5.47333,-0.928196
2024,1641732,"Colby Jones",17,0.17931,120.75,7.05882,"SAC",-4.20624,-1.27636,-5.48261,-0.19979
2024,1631303,"Justin Minaya",20,0.0927835,160.717,8,"POR",-5.4436,-0.0698409,-5.51344,-0.269157
2024,1629677,"Luka Samanic",30,0.205508,189.001,6.3,"UTA",-4.53057,-1.00613,-5.5367,-0.330042
2024,1641765,"Olivier-Maxence Prosper",33,0.145929,260.29,7.87879,"DAL",-3.61118,-1.95321,-5.56438,-0.459395
2024,1641754,"Seth Lundy",9,0.163934,51.9833,5.66667,"ATL",-4.36172,-1.34022,-5.70194,-0.095017
2024,1641733,"Nick Smith Jr.",37,0.195535,572.684,15.4595,"CHA",-2.80575,-2.93175,-5.7375,-1.07768
2024,1641998,"Trey Jemison",11,0.133787,190.332,17.2727,"MEM",-3.20966,-2.56225,-5.77191,-0.122812
2024,203648,"Thanasis Antetokounmpo",26,0.127208,123.436,4.73077,"MIL",-5.1063,-0.690177,-5.79648,-0.237197
2024,1630184,"Kira Lewis Jr.",19,0.179837,152.367,8,"UTA",-4.81935,-1.02629,-5.84563,-0.297847
2024,1630641,"Ibou Badji",18,0.0791667,203.133,11.2778,"POR",-4.74664,-1.13107,-5.87771,-0.297876
2024,203925,"Joe Harris",16,0.10628,170.003,10.625,"DET",-4.22227,-1.69472,-5.91699,-0.274607
2024,1641734,"Emoni Bates",10,0.151685,75.9333,7.5,"CLE",-4.49687,-1.42619,-5.92307,-0.149946
2024,1630587,"Isaiah Livers",23,0.123023,469.369,20.3913,"WAS",-4.49569,-1.48765,-5.98333,-0.961158
2024,202693,"Markieff Morris",18,0.157068,159.716,8.83333,"DAL",-4.64637,-1.38797,-6.03434,-0.332561
2024,203493,"Reggie Bullock Jr.",26,0.107011,225.567,8.65385,"HOU",-3.58588,-2.47714,-6.06302,-0.466395
2024,1641749,"Keyontae Johnson",9,0.128205,66.2,7.33333,"OKC",-5.08872,-1.16191,-6.25063,-0.145129
2024,1641738,"Kobe Brown",33,0.103801,284.551,8.60606,"LAC",-4.30208,-1.96442,-6.2665,-0.616538
2024,1641729,"Brice Sensabaugh",12,0.185606,109.168,9.08333,"UTA",-4.19359,-2.10065,-6.29424,-0.246464
2024,1641763,"Julian Phillips",35,0.121019,258.768,7.37143,"CHI",-4.2622,-2.04242,-6.30462,-0.57657
2024,1631123,"Jamaree Bouyea",6,0.202797,57.2167,9.5,"SAS",-5.73401,-0.823478,-6.55749,-0.0179798
2024,1630197,"Aleksej Pokusevski",10,0.145833,60.45,6,"CHA",-4.51216,-2.05152,-6.56368,-0.140335
2024,201959,"Taj Gibson",16,0.077748,165.071,10.3125,"NYK",-5.80439,-0.826432,-6.63082,-0.138933
2024,1630209,"Omer Yurtseven",33,0.160982,296.734,8.9697,"UTA",-3.48056,-3.39902,-6.87958,-0.78718
2024,1629667,"Jalen McDaniels",35,0.181694,300.233,8.57143,"TOR",-5.7366,-1.21188,-6.94848,-0.810424
2024,1631100,"AJ Griffin",18,0.158537,132.5,7.33333,"ATL",-5.00148,-2.23443,-7.23592,-0.377188
2024,1630177,"Theo Maledon",17,0.173432,213.2,12.5294,"PHX",-5.3901,-2.1776,-7.56769,-0.632459
2024,1631098,"Johnny Davis",30,0.127049,290.254,9.66667,"WAS",-6.49039,-1.19143,-7.68182,-0.912231
2024,202397,"Ish Smith",43,0.119515,740.834,17.2093,"CHA",-5.10634,-2.84939,-7.95573,-2.01895
2024,1641721,"Maxwell Lewis",21,0.104396,73.636,3.47619,"LAL",-6.40744,-1.73789,-8.14533,-0.262429
2024,1641720,"Jalen Hood-Schifino",20,0.239544,108.152,5.4,"LAL",-6.80831,-1.84594,-8.65425,-0.423195
2024,1641877,"Nathan Mensah",25,0.0677966,306.649,12.24,"CHA",-6.04094,-2.65494,-8.69587,-0.729037
