,ATL,BOS,BKN,CHA,CHI,CLE,DAL,DEN,DET,GSW,HOU,IND,LAL,MEM,MIA,MIL,MIN,NOP,NYK,OKC,ORL,PHI,PHX,POR,SAC,SAS,TOR,UTA,WAS
0,111.56358086740111,120.28066902173008,110.83591820318365,105.72289977966926,108.2108997250495,114.2419930585318,118.40891766908928,122.05203256372228,104.9213708194547,109.14634589143019,100.50343023478946,125.9902807859163,113.08272535228971,98.31641827606173,109.06648021466395,117.13168545100251,103.15933629128304,112.87862051172718,110.52281807760993,123.17018679647963,114.8749976077993,113.3875077571957,112.3202891412915,105.70677608825477,119.81368909831981,106.67394019818906,102.20658248809771,110.63772998617644,106.5585544011269
1,112.19091014666462,122.55893969551413,112.38957240576876,99.2961306582869,103.72909237726189,109.56870632077023,121.33714377177247,117.21899335781586,103.06274500218034,112.52079375195,103.24260927470712,128.37089958466913,107.7240769340684,96.66256337344822,109.57352647513399,115.47729847095276,104.56284558743954,107.66234845916736,113.522954336754,117.7971362281489,111.4378066050098,116.30844748684173,105.72545603385345,102.12386125137881,116.54457544840699,107.16343676513503,98.98311868812698,113.75538942265302,105.84937228085569
2,115.32268051639335,124.28871468566575,115.40914316501933,101.63914232224346,105.05043775094828,110.77574474267452,122.46767266003046,122.46689750668052,107.70889837680889,112.755905342943,102.429828685751,122.83600512172842,108.88841283617725,96.50733797202913,104.80338812457616,116.8421827819284,107.02572276140165,106.84943938061936,106.98069977791143,113.80264758135884,109.14982916375652,118.02296912387283,111.22642940985287,98.93875416957258,116.99250922363728,99.35324375719382,102.72611137210437,111.30261816721531,104.09645962430132
3,119.01208174899807,130.42105796363433,112.89613650668134,103.33139752933593,105.64438167379261,107.60828074417805,122.630160274752,120.97731546914467,106.99190218839685,116.39491136241124,106.7974570987064,118.52416186099083,108.71528887792884,96.95343455452422,105.27197697454304,117.05502888443004,108.1221798900701,107.14375684319928,108.18673972568016,115.86230048793949,106.607373341296,118.0806340795939,112.3087544911172,99.18202199800972,114.4691104717044,101.19779206020847,101.32942725045818,109.84913489147858,104.22247213963456
4,119.29464996555808,130.76140193131855,113.06797865291048,106.19021242336726,106.34178951539093,106.01586009329016,121.90931624454059,116.13629194382575,104.3538173480838,114.80661134179923,107.38485768463643,119.39988301496716,110.66937881088731,96.33402979241627,104.6391528903383,116.61959686861265,111.53512604076016,110.43959296113935,105.66178863736008,114.20982355221302,106.4650481314964,117.37400602300113,114.44216388109648,99.07559624882151,111.35279719157681,105.12164905552986,106.35976756347289,112.27529592031125,104.75906945267916
5,121.16654028630762,127.0172845880199,112.90674224211179,106.31208417918391,107.14283891184742,107.00862228879517,122.16644260664509,118.45930042083623,105.33573326418204,117.75973606507641,110.62503173882759,121.03809219685482,109.70330236862995,96.3856706638498,106.42745470660032,118.7925755628437,110.29309802583819,110.66506940191927,105.49830623692844,117.6199475619734,108.6695227284498,119.54924471404861,112.83107360236667,99.36683534099087,110.5299249898387,104.57952429984947,105.58055640105812,111.30617146791617,105.62969662215689
6,119.95047288934465,124.44741805440435,113.55988489241888,106.42767849866016,106.54454760632099,107.92059574322404,122.0722944178434,119.76202221885623,105.12340844385345,115.97143272021799,112.82158918344346,124.67097755045583,109.61851467303836,97.56482234873772,106.57983460645987,118.52026329424956,111.22082471799077,111.55063477966134,106.85821338374434,118.3966771478477,107.7366102004287,117.65007215655383,114.24773687029293,98.6888208657121,110.7746335378171,103.84486014504922,106.34003588651413,109.59864544916202,107.86032715996453
7,119.7099102956432,125.59871376387424,112.16124402275744,107.23564843615344,109.11463459319359,108.80253885119629,120.97179309672678,121.76817144054627,105.41503309591985,117.08348214971963,111.81472206777977,125.48869843270268,108.03970609399937,97.29749513001143,106.57536535490225,119.43108286839558,111.27224564087899,110.39179274884243,109.40312560667212,119.49887774927099,108.2834261497498,117.58772520012855,113.63244870744727,99.2605692004136,110.27483029445936,103.64005617018073,107.84466539216527,110.10737809337438,108.24611523487688
8,118.50895681710261,126.07202206569657,111.65519167527684,107.24384038828792,108.67333510790976,109.31421579725993,123.90234503562198,120.98381514325348,105.44209503639007,116.35523984708811,111.89187000580284,125.97306399903093,109.70837575212973,98.79399076267663,107.13983639455886,117.52950060696081,111.67427982671146,109.99899998235252,112.48863490392664,117.80433062319868,108.59058937608313,119.68091877393158,114.59030654052891,99.58387550478938,113.25956552856086,103.25041808459872,106.41316699440988,110.22764430384233,106.13517603314278
9,119.00244660819017,127.22401471208444,110.29767071916876,107.064289161929,110.0401468562746,110.94109035617633,124.41347451497408,120.27258102342778,105.27505116404456,115.43244634159097,110.67121621292827,126.48833373172559,110.29035130455838,99.0135278930822,108.01136966206137,118.2593129226798,110.97643182907453,110.70700239151101,112.80855974693476,118.03846321936652,108.50952824095712,119.26779756964123,113.73118086521491,98.88508514329465,113.53638947452433,103.76411270102633,106.33462281794385,111.68055716728776,105.72217271510767
10,119.30868004420972,127.84411332012522,111.84808392525886,105.63710580825511,110.07888956888934,111.2918385783203,122.78078811626297,120.34561370820342,105.3017319629561,115.11983438299524,110.1744331274881,126.5749971311826,112.80836885494573,99.18103133273716,108.53452139066388,119.67347559098911,112.2204462780108,112.29431075092292,113.55594115117177,118.27035260671092,107.45959064166966,118.97483613486192,116.83989661539066,98.55389322324892,114.38346706003276,101.54688370397649,106.82158578904667,111.87117957349908,105.92732634513347
11,119.33793134960513,127.02565417337283,112.728612430293,105.6736151203908,108.88467333133825,111.31454834729124,123.3348373876699,119.82815843200429,105.81162450036076,114.28812957242762,111.0301196514767,125.40222372268755,111.91767582884155,100.30822330435797,110.22099242725521,120.6139102599339,112.95311814023341,112.64224452223496,114.75040546964934,119.47524756009666,107.39396461119817,119.82331811503248,118.44756795456453,98.11325818637533,116.14135317132859,101.97141603007952,106.58681477010377,113.49380339662999,105.63620796052835
12,121.17590018699808,126.1843096698013,111.86138476965948,105.74777179774858,108.16497884847853,112.34891030302553,123.34585957769721,119.4836804629711,105.20077409311466,114.11020443803623,111.19091160556408,127.27788669611677,111.86766284806828,100.1606461187895,109.66719071975668,121.47805031181942,113.37142486162317,113.50618534526593,115.73251074158624,119.65498420216906,108.00643376977658,120.4620337108966,118.82616996134047,97.50682141809396,114.48511702800343,102.27908143925093,108.44916454614746,113.83994395690965,106.7430467920319
13,121.75863584563388,125.43707820891801,112.63606559095348,106.07380114381205,108.1392949885159,112.33651927263855,122.90987230087562,118.87040186474492,105.05078360255531,113.93370771327395,110.74704970370719,127.39658395782908,111.59464057638552,99.14490881164825,110.86878832256541,123.04383493304265,113.54293359658337,114.82567492871212,114.65022981554503,121.58717089383177,109.05699880682171,119.78634269424856,119.97016338714327,98.34987624914454,114.41273764039857,101.78123727686199,108.04306733491556,112.51315391423802,106.86582249256521
14,122.63460036747131,125.46299295477517,112.84776401520703,105.94166165592443,108.13009371674538,111.52332959133334,122.20899212996464,119.42822044560356,104.82878879120646,115.0709245081698,111.18863749332047,128.4691485888038,112.63690046934569,98.42655058722099,112.51500408286982,122.72588434326244,113.31606813552578,115.2413826909445,113.83452877496754,122.04605255799295,110.35718735975956,118.64415400312119,120.36302942167109,99.46372944424985,115.08501743786354,101.2797485828177,108.90484648463278,112.14759942644618,107.63277929370858
15,121.58406082585032,123.99820428135304,113.68792874991004,104.94487039608155,108.0394107155318,111.2831203780031,120.68211466109636,117.60949576721951,105.1156861319664,115.11726901454642,112.69859596433483,127.31317439721093,112.14907141421882,98.0439624886415,111.5659908883943,123.18215967787643,113.7747614528421,115.46584881110867,114.53741943628802,122.6787419621841,110.3401146319111,119.40122334509093,120.40399267394686,99.05681654330772,115.37650815585492,101.18236218046084,110.08776293869259,111.68952045880698,107.19516013972179
16,120.51544895149662,123.86853799675602,113.64209442656899,106.27314566625279,108.48521964771572,110.98313246396457,121.21575805308417,118.29801144082339,104.49604176806481,114.93561133039454,111.56325052043313,127.40003701815303,112.3343514974701,98.29386457176464,110.83892699756298,122.39100987350767,113.31682504313514,114.66807017469709,114.89546692690313,121.73437023856837,111.03832286949267,120.85641361386949,121.01402499563856,99.24364418784909,115.5688446164807,101.6528064600954,109.526467331087,112.12133157436979,107.55971873008298
17,120.90096128328268,124.69270917694784,114.81523259850181,106.77945800885306,109.02499838202944,111.77765772916737,120.1375068703353,118.29476911028004,104.03969521456868,115.11033562356276,111.46590496219693,128.90808870633742,111.5419160517428,98.62630945755296,111.50883111899306,123.1244655650753,112.79413930666665,115.09152386098401,115.18210446834807,122.39687470666854,112.2339672371412,120.63739025977941,120.48247353222607,99.40059507092973,115.6235345629475,102.60913604982287,109.07910014666385,111.22651790298583,107.87617596777457
18,120.78061456681321,124.97132236481912,115.47996291701374,106.18627504135138,108.48362242280955,111.13180400064091,120.048584192209,120.1297095428886,104.28170029669896,115.8547648646143,111.73242504944132,128.67657135126007,112.38452585206592,98.58004152679666,112.66701687072242,122.16167926306686,113.74753973408592,115.68653682764105,115.6382930348719,122.66953791997909,112.7695659949162,120.39424247041177,120.28827972001764,99.50037514301277,115.92263083954721,102.51869127795993,109.30537633787323,110.19347806682542,108.23763831328785
19,120.30777253750566,124.49303555610378,115.0567612430071,106.63367694952747,108.37194023257524,111.08532593106747,121.40266262421797,120.50909308539005,103.928150857258,115.68712580880782,110.61974342960012,128.59551981609957,112.02446141087039,98.93181516238496,113.59216264336399,122.6950782879364,113.07343322522678,116.12804393512977,115.88494495886178,121.83990037490857,112.04672698818055,120.74338023129076,120.0731372332873,99.509937035207,116.02514591632327,101.8198754858316,109.18359412178926,110.31122113606038,108.61803321002516
20,120.10448204082316,125.4799175298436,115.40654013818146,106.97360672105867,109.34085494605576,111.5544080546289,121.57505675567582,120.0706759733167,103.50542956697295,115.54458538104643,110.65407552482033,128.6138325769405,111.70081720481423,99.05579428160227,113.54859044442424,124.06008450461279,114.09146547903708,116.63261492274468,116.41902975499477,121.99778684205486,111.7348065349786,121.07802428155469,119.41858140185238,99.60191030205043,116.8942407829329,102.36725059456067,108.85816781899702,109.42444385564539,107.71983794266065
21,120.39138669081935,125.81475850710896,115.43049873912882,106.5250951294025,109.44365200862336,111.540198015545,121.66073992352973,119.51340743698553,102.68305210470355,115.83393405879556,110.31669482003032,128.09962009998992,111.62755184617114,99.37917022747472,112.74798599507584,123.69720731292804,113.64123321468337,117.30705908619872,117.44088234036732,122.54119436812869,112.20225545593571,121.77068599361591,119.03456028478902,100.78572867965507,115.96080569027066,101.068858094566,109.15682240989749,109.1499920990531,106.73601311282802
22,120.77045802207941,125.90911356201293,115.77420458134179,106.30096768462906,110.28144992206947,111.09588274613489,122.28703101798034,119.26579504628437,103.20414212124874,115.76748637010101,110.79407692321895,127.43728348397937,112.47716838314031,99.08508666860905,113.2498595121393,123.85637529465521,113.85865964439978,115.89651771261545,117.08991784881073,122.28888886339637,112.1519028282887,121.980489199471,118.9358377285216,101.37510744915535,116.16081223336721,101.1676712856418,110.10695962689537,109.34682325311891,106.97574649547428
23,121.03841902492482,126.48860277653961,114.89278235179013,104.92434782070184,110.67829559454525,111.36623381341889,121.35779062633023,119.94805321240224,103.20788718814048,115.95240828269219,111.46098417588219,126.78532556295954,113.37283074943028,98.72537775022161,113.36697689538714,124.20623175609923,114.55977165826198,116.21714383338228,118.37006671548691,122.43140184506068,112.1193771954287,121.94481031509976,119.01466921676509,101.71444050090436,116.78374170292366,102.25946796521437,111.09700343541307,109.54778685695672,107.47582599301218
24,121.23499440896097,126.32928845967565,115.02942523548339,104.47648682556489,110.74297310172724,111.38508492668801,121.73169637432771,120.21551473840198,102.35580003149292,116.48142351559854,112.17567396530283,126.87087158474978,113.30287482154597,98.07096086047106,113.47104323569691,125.21923629052006,114.6163906556978,117.18714729081158,118.51108875212687,122.03397252228262,111.43827379170136,122.72233242529485,119.40013942506586,102.17711372536903,117.70371479914819,101.9761001335682,110.66945921243575,110.41881720608966,107.16619072582228
25,121.57918453856189,126.30640998373384,114.67341400911454,104.66846134121046,111.41752673385622,112.28038884808359,121.15686747665131,120.36252161672816,102.43224235699694,116.80382300627633,112.15752930643998,127.99580334826344,113.42444636722902,98.59278100558981,114.12442464657414,125.64036522239111,114.55595304510221,117.07306185976692,118.23399925173794,122.81961457908764,111.31081174039115,122.10506159491152,119.02933668866024,102.10250051898048,118.06121339717863,102.02638849134073,110.92591377649993,110.1777711939817,107.74105452795443
26,122.31458347148236,127.87716701359712,114.0337713958226,104.12394988068652,112.09068784175045,113.12452954319708,121.16421237046764,120.40017921697648,103.00213982643278,117.13151538498802,112.02718431069016,127.13600058221925,113.177562526205,99.07147464329928,113.88568069932722,125.60648474743084,114.61892913692951,118.01404426833433,118.38327916833015,123.0202680110028,111.20490852287378,122.30179368783568,118.4262681832924,102.45173461468814,118.32326695410167,101.56069078910033,110.81101117940307,110.83029488512457,108.04011912672523
27,121.96696575400166,129.1113619422845,114.44408757476151,103.90762378406525,112.12865095548368,113.71513361732399,119.84112610508481,121.19659522948577,103.10108471475648,117.5170056966087,112.08880959940649,126.80897299395059,112.85957422714762,99.78252025759204,114.17746967501546,125.2829034554363,114.5783383732927,118.12110062535622,117.95036648964404,123.44595952436573,111.69174079254756,122.28159325610078,117.99900002375999,102.42129911628507,117.68088602580359,101.62669874729232,110.67394734156554,111.10412648883003,108.17474857285202
28,121.94759998394976,129.46008237495374,114.8371134302544,103.76859592611615,112.4457501042198,113.69662092227543,120.51198274447013,121.1757509371411,103.40048382065056,118.02031878865533,112.07548307334376,126.7670436726624,112.72777015817174,99.57751500822705,114.43854195513136,125.53835558736543,114.22658857473193,118.79292024828385,118.44552786162127,123.8450960122751,111.90690719600654,121.8751907629519,117.8449302596464,103.41869199618128,117.746894807865,101.90212561684449,111.02170998161469,111.33973715158893,108.11815578242371
29,121.77264921198363,129.34017311420303,114.78674860779192,104.36570845810314,112.57470236359758,113.90798481541253,120.91221063126798,121.61144594911494,103.47511250699237,117.93225861857312,112.74423447239948,126.75361484639106,113.44929353453958,99.43473438649269,114.51196087968474,125.59706320432736,114.34525600242405,118.56195401755615,118.53549524081097,123.84453210343068,111.13350347697214,121.64369678065165,118.37493814420912,103.18544157242377,117.77949817843704,102.33883184425824,111.57199381745309,112.00084937755886,107.57865067030386
30,121.38733797064948,129.39705199544164,114.94346476208904,103.87479227629954,112.08056259983057,113.8822805929471,120.63587064187205,121.00597727457226,103.62739033022375,117.53027169110511,113.36989999540859,127.42557979335325,113.6476686997628,99.29652425677669,114.56902977733365,126.52606782297875,114.142378771195,118.01483382745114,117.95653483517131,124.00517378194115,111.07092081632945,122.2301025277421,119.5118617842364,103.96617222758104,118.05795522455789,102.94808926806904,111.83066878883211,112.57852788679918,107.77552469323513
31,121.44951732652868,129.67334823383507,114.73701753365228,103.82370135675275,112.33528507895883,113.68926112351623,120.28458261978398,121.03907810654374,104.23575220386518,117.7908583353295,113.30987974120102,127.22311335577163,114.16635770482806,98.7251951669389,114.16020987246453,126.32211708164269,114.00322680408186,118.17169679977862,118.25644801524682,124.33191290148304,110.96850116166858,121.3666255605818,119.45687605513862,103.08184647396884,117.46783198985291,102.52985688202783,112.18854860324136,112.45020856142669,107.90733488862705
32,121.967650850924,129.7911435176926,114.27450566081903,103.36605416697584,111.98000733635612,113.89454465858965,120.83639351421942,121.95262350946612,104.2321807443659,118.04514597798915,112.54661703875374,127.66580905816795,113.84052122270406,98.77624123991868,113.8711867874144,125.80084863124398,114.01414141551867,118.71990576729515,118.1709863058471,124.72282476785671,111.14348869041197,120.86054750569885,119.09813256991967,102.47620922908334,117.5058572061012,102.24365280583598,112.46105197721533,112.45125452108968,107.63758267639008
33,121.52888757452479,129.5454137806583,113.32111157772329,103.37294522969846,112.0339799826046,115.09078898297264,119.62882137778972,120.91895267691613,105.05970949418075,118.68517725305897,112.47808880782173,128.44189184210416,113.6458512595305,98.77063589049607,113.57842275828484,125.86994928648353,114.24279189953499,118.844672067875,118.29726235798414,124.4817690803925,111.27469243005191,119.76281013844735,119.6297163822709,101.94681330264257,118.0501049645888,102.57671162774474,112.41809728391556,112.87217056119763,106.881564449728
34,120.93276081736595,129.36162693174654,112.77893207047366,103.14072937821086,111.3266827712406,115.1942687160129,119.81598729404608,120.8752894909351,105.03565677163999,118.58215823111439,112.58386975148537,127.51681723684158,112.89252641622599,99.39649933198129,113.12680936280807,125.83965557415875,114.23267531440247,119.2260656411219,118.69457721874451,124.97575055417593,111.51984068302309,119.297647725884,119.70598118558733,102.55235078024535,117.61392664387452,102.9290021954465,112.801908675049,113.81579992999748,106.6513348508937
35,121.15178862496734,129.65635096269975,113.11957929566653,102.63458528180466,111.07286781667317,115.36463486851254,120.23876067287883,121.6688075181578,105.27768522654029,118.7269068089126,112.3359291100829,127.788277792457,112.80762121695398,99.63009700297393,113.41533940611916,125.2867846973988,114.23825613184228,118.63055465292078,118.71397213443798,125.28708078160827,111.36882519073428,119.2754822656092,119.37553864328657,101.81674094896876,118.04004729666501,103.8190941100228,113.51120357591269,112.81476513867996,107.17862671608901
36,120.7449106356914,129.6847446590992,113.24865413296484,102.02643162000923,111.07323163254533,115.17026741067826,120.39465199592657,121.58665295326438,105.16720529864816,118.27871837515232,112.31859282927707,127.29297407316622,112.71181561986485,100.09425430600088,113.5567387234878,125.11553284078883,114.29232016234961,119.4970199537445,118.66095641262484,125.95679556811248,110.62158975772678,119.2092046039177,119.28721864497619,100.66361207587896,118.53229462454428,104.51904776177805,113.83733395889085,112.99289424409874,106.87105949260847
37,119.874158013526,128.95706434926794,112.76479152937137,102.32325741188964,111.20957715898693,114.99269502087968,119.93496316343261,122.16099622224397,105.14357675932479,119.27756753372522,111.99105705157817,127.44679752876674,113.23258989669137,100.63176711560628,113.32637549264876,125.79175508068033,114.4105281687493,120.46938108464418,118.93027416000065,125.69724180792691,110.32531735012346,119.5595868514562,119.63074710628388,100.20621021998657,117.77899018353432,104.78341423106535,114.15497502849922,113.79489421946529,107.25718973889033
38,119.22387392111843,129.53432439739916,111.98382859683491,102.98922752861286,111.20129223927533,115.78852577048484,120.35804775610721,121.85615312566188,105.19120163435754,119.34736718927512,112.22930059811618,126.94419069362712,113.07161930655832,100.15931342430636,113.04910347889175,126.19992958354551,114.5231609568881,120.2529730208043,118.55777219120345,125.09569865617497,109.92418159938971,120.1219472319217,120.25759267982919,100.65497698013448,118.08840690458953,104.08672116541348,113.98801524214166,114.12357986631736,107.57235799284815
39,118.98844876538881,128.9043332176517,111.99697456577952,102.3599731620363,112.03597527763995,115.76654531162738,120.36697247095725,122.04109508125522,105.94842821887993,118.9239225763786,111.7073428473332,126.23414890018928,113.3238324161607,100.37866870475845,112.31629327480344,126.39693581608167,114.79044511769953,120.65500930561517,118.15146535409028,125.25729899391267,110.00506436314645,120.5817246989693,120.18085504971093,101.02850637714725,117.97967617937971,103.76747157537321,113.19697594834817,115.08928998016424,107.3228504288507
40,118.8773130683827,128.85503877952294,112.55956624227092,103.01866382581761,112.3656104850422,116.48698424460275,120.75170411405367,121.96730316827718,106.16919970953084,119.49785042010942,111.87308739242874,126.42145333474318,113.3944363137964,100.3358743996287,111.93891495054186,125.40816088205072,115.09243594653178,120.73379739466253,118.04861330501005,125.52741384632517,109.84209671461416,119.83135710253991,120.29487925690003,101.38515071687354,118.14502630781811,104.27338039658906,113.70757795063767,115.38675581555924,107.52615186249822
41,118.06609880394015,128.6900863115063,112.49955893974388,102.98363458010365,111.61625095326637,116.31923704870873,120.39546876097117,122.42600661997945,106.61546813635371,120.20554565770843,111.4787868867354,126.06950146746848,113.8711527783254,99.95611735350614,111.90477592146087,125.73721180331233,114.52835351465525,121.44670845594581,117.77145904509267,124.99671171035037,110.03649509139996,120.42939839123117,120.27279724056129,101.42143677839628,118.20930204969649,104.67548561727823,113.61344737910773,115.9307917403503,107.32721849907838
42,117.64338340921041,128.31363417459352,112.41096303387737,102.74374915062046,111.82888847399752,116.0597070800952,120.134502587834,122.39779012334338,106.56209271338592,120.03196148856482,111.9430955276154,125.71076099708115,113.80019285610561,100.1377879473758,111.28363935577259,125.60749956062777,114.90881598337616,121.0589699450986,117.99596918087404,124.58091933422912,110.15992940689164,120.23017617973076,120.3997074057661,101.42295162827332,118.92520618307074,105.1576342309867,112.99101843012359,116.17589604840376,106.99450098074772
43,117.52842583457328,128.27126845882586,111.98904819763833,103.13509506324226,112.35262369772778,116.26422102169451,119.84870092515224,122.16962184568709,106.65865834122842,120.15067362848801,112.75482763530916,125.45504637863779,114.45653962433818,100.06562133370566,110.70285705310214,125.66557396279983,114.83060262625858,122.04325548884243,117.9503629983446,125.1706603393935,109.97139297065117,120.00066884425569,120.95829421444125,102.1687973580419,119.01791517284988,105.20536334486518,112.64560463456624,116.11636420887966,106.77695363856878
44,118.18525537698709,129.34495394099937,111.57460532974659,102.86399199337046,112.51231067000838,116.77388315198635,120.66803492873338,122.24702643294161,106.34803198828848,120.20783578113114,112.23915282770166,125.59462315678334,114.50657924719405,100.24400039559394,110.82568765138808,124.84188792849342,114.47331109732741,120.7825723301876,118.48338179629683,124.72966396453309,110.00630745341257,119.58122020893451,121.19108760177373,101.7617093679618,118.62056049102482,105.24114862152317,112.33512989215491,116.14624976989425,106.92936579387792
45,118.4587538793823,128.52974319927674,112.51368026612906,103.0828755742246,113.02572885502455,116.48000057150547,120.58067883537132,121.25863192718302,106.76832182797395,120.11164771334207,112.59546084316328,125.8221189204152,115.32098486949818,100.44055163625382,110.95025805768415,125.22390540629974,114.73322764776924,120.5145154924967,119.00826582829956,124.23500486225318,110.1247293778501,119.2869079334567,120.53812607797967,101.56306327180471,118.34809428141337,105.64731076190637,112.561796618194,116.2577761953567,107.15180287319357
46,118.87180988052833,128.57612326472582,112.65623830629119,102.87536779944234,112.88061523672184,116.46641771871926,121.10679947233511,121.25366410808242,107.12219349328068,119.91121239847787,112.23118698868818,125.82911870928638,115.31647110226609,100.06759230584463,110.84631685538837,124.74757136179055,114.71078583687452,120.4365456743653,119.20824637513209,123.8926034714962,110.74479192569807,119.67148773370425,120.7155950690759,102.40197575316012,118.49002679335418,105.64457158857313,112.6246293832662,116.86571922946217,107.06844103986523
47,119.2230256385812,128.9376490475035,113.27885771405023,102.61505440629844,112.69386505609783,117.1920524541016,120.22053633167734,121.07047353454317,107.5533976510324,120.09684561628626,112.70149083422827,125.99599271461305,115.14008988759683,99.87040926142528,111.05615040750496,124.69502107842472,115.15433407243484,120.33026944515306,119.63680242005242,123.50712817939751,110.55464227586288,119.70403044888641,121.39191186196949,102.80306120919168,118.45692123962596,105.16414707389335,112.12363914640535,116.61708180854158,106.75899256949948
48,119.39063194940535,128.40804281689458,112.76750984367047,102.6945262709385,113.02344577295163,117.01844671354861,119.98961337261868,120.55011645974602,107.32727832058731,120.5406965606881,111.86805703144312,125.47677290894941,115.0630659522944,99.64966232523399,111.006706174205,124.80339897231805,114.85261781544288,120.28723233529328,119.33239312163579,123.67698301586351,110.3720086447421,119.23659964793472,121.39610667729809,103.10216406933037,118.29452844499,105.28448889264804,112.26373550744003,116.45967041892287,106.51718163697093
49,120.17879892358468,128.70284241348378,112.5080785648299,103.108207341908,112.8473104788378,117.18311996507506,120.2010162442011,120.99478942571645,108.00553395936315,120.1644684606999,112.39892394249566,125.14678612757518,115.1013679276796,99.06944876058063,110.58968869665256,124.3843431155466,114.62355915975178,121.09224476789646,119.13482522062054,124.01929673855327,110.52516524544069,118.64469774584883,121.81432764596046,103.29440499919885,118.32307701647235,104.94680911458566,111.88280350958408,116.79759244088554,106.29128662683193
50,119.9286065767305,128.6491607609042,111.95856599787159,102.33120361801832,113.11834244539668,117.60063448093959,120.26974890167415,121.21572691493711,108.30056930866363,120.32502500175843,112.14875645083578,125.01517074497959,115.35156781839041,99.4334385471352,110.96714858304607,123.8766043593865,114.75675551465015,121.08937278345316,119.45786088376069,124.02696754233817,110.04806705745449,118.75177728478293,121.56387845378653,103.46029647609326,118.80976488947111,104.68611973646003,112.29593603949407,117.00500090649358,106.506379103671
51,120.29880647879949,128.62608075044696,112.46714994257754,102.57342577923059,113.46207868188152,117.8916953357898,120.61397424785986,121.23631545223384,107.97596373063048,120.38772887018409,111.95769903792599,125.48480858234454,115.36637690027558,99.72487502935142,110.93459707133792,123.79510503366956,115.67223121074802,121.1755711473729,119.28486115916712,123.52309317266679,110.63147144288423,118.56200533038415,121.82549710685555,103.0730148370225,118.66506450878232,104.75697417630472,112.15324605887707,117.28137085504697,106.40181219757632
52,120.24393859659415,128.64296641541972,112.46967336174457,102.64335484389157,113.48539302624314,117.76149584470058,121.30760738070803,120.71352716851727,107.72096089141725,120.97921543477568,111.9482834054676,125.09316764658935,115.27322065404559,99.76848880016887,111.06740547280167,123.8724973939833,116.07289798476474,120.78499638317592,119.02806446140511,123.81037825736273,110.83934781073557,118.90876880808987,121.40333171433733,103.08832609468506,118.76853995430892,104.74589939508284,111.71608958119572,117.09487180861862,105.91113494313758
53,120.36031070846765,128.73001888190876,111.68774692009036,103.13258655648109,113.94907586791702,117.7524205250234,120.75319305426143,120.00628143481359,107.03727208359511,121.28251241768491,111.94249639173148,125.35919167614954,116.05265745090398,99.23760666359672,111.36854221374284,123.75043684099174,116.24602801048101,120.17486021786173,118.81413766211833,123.95936947415353,110.7427830264738,118.58191553693952,121.53586485724624,102.45173799025908,118.18995057210405,104.80786096613411,110.99010457624327,116.59060331645026,106.29522753923108
54,119.79145863078257,129.6354665067942,110.95732851629472,103.30803254248366,113.7757184793989,117.17445132732249,120.54818112225036,119.32848269294473,106.93546992570246,120.5677352132768,111.51240296269407,124.73370070195193,116.1839986532674,99.6540155497583,111.3882721108101,122.96297066301582,116.56170435585678,120.53015906338177,118.79391604528692,124.25402819786653,111.5429665226656,117.9579642430812,121.05230846426348,102.72958635420383,118.45211154108051,104.18812041082188,111.17356778287198,116.64952897641015,106.01811610928996
55,119.87482756070591,129.90354805865462,110.08558456555691,102.51544560454401,113.693665429411,117.07923244313918,120.91160831391362,119.46480158626395,107.11157587047276,120.07969860203708,111.44616019969654,124.74189540049146,116.89451060897791,99.81196740144624,111.27099098159349,122.64581460381744,116.32835921433366,120.6401276193272,118.63556760939947,124.66116239857877,111.95472115851292,117.59194636551656,121.03053595826745,101.90227427760334,118.91798923725058,104.54690785454828,111.33744871038591,117.14371398926922,105.57729620962256
56,119.70746811648046,130.4805821769507,110.32068343238016,102.1194156611979,113.60806508812966,117.33910227525806,120.47381870801085,119.99627110712005,107.26874920228327,120.00926372265894,111.22341684275128,124.85581954227192,116.66335457540957,99.57024578580227,111.65599554712375,122.52434706021516,115.76823950227289,120.00775444961819,118.79598291716837,124.64760910437872,112.16774140788347,117.07081685548485,120.64404161774482,101.74302501403453,118.78579082849186,104.69906081950681,111.59814828730863,116.88254958585671,105.42329334927832
57,119.69960437503268,130.38420293552932,109.42409965640528,101.50953604275699,113.14238959797382,116.9180800838465,120.61236915066993,120.14338858991678,107.22303311882577,119.77855845126761,110.5690409670184,125.09521385925149,116.75033543084206,99.08041788728173,111.68225089388581,122.78130447542388,115.61149079172722,119.63224240713201,118.77984390245818,124.2706736410636,111.55006010552046,116.60456649783052,120.85302608359878,102.32394157346245,118.14847437605408,104.36314661476996,112.0319351841129,116.86599269097943,105.35958431469305
58,119.26950198004324,130.93855150661184,110.12407022197864,101.43753382030312,113.10764997952802,116.73739887062916,120.93678005885619,120.1783506184313,106.88238189168686,119.66205617209982,110.22154711591992,125.12554356937267,116.69619226843888,98.92425374267997,111.12901874327675,123.21899249399264,115.43745274427435,119.90384558185237,118.22064748435213,124.26314557118427,111.59865313246665,117.31625319538126,120.44136262341259,102.0263124623957,118.31283445929198,104.15714325172738,112.10885221159992,116.0388959321767,105.62056841250906
59,118.95742287902858,131.44904573277122,110.41644596682005,102.1555107906656,112.76422348456082,116.45235271212614,120.67898147926671,119.7056113688881,106.30160147261385,118.62476910440196,110.12092629582722,125.18869972079452,116.74555470117463,98.61742177101475,111.68187133481236,123.20846446360052,115.48126641128226,119.76338720677523,117.67791811120733,124.10035606049753,111.76380383829323,117.50883056418785,119.91461416084606,102.41746605268618,118.32656116283529,104.8994925776002,111.6802769018468,115.85169123189712,105.67568153699105
60,119.142684771499,130.93788960288828,110.40579773170465,101.95906391325666,113.06390496227725,116.30723328138478,120.7098519881444,120.16333344970134,106.45216341949812,118.8592671719197,110.13601963410966,124.51263527562473,116.87163560253498,98.1955255062584,112.0331401472813,123.22528241862781,114.84785092617416,120.07903274863638,117.69488889664832,123.58582168777353,111.81795985300023,117.45646969539406,119.60188274017757,102.6486469465251,118.5958831859111,105.14961777811956,111.44762087483325,116.18942948489449,105.62923471888223
61,119.18286996822921,130.5446462232871,110.57964478448758,101.64446770479327,113.43345649467174,115.92088285373522,120.79278160866755,119.69016782823861,106.59439008511332,118.8719904444764,110.52149876828226,124.02871346755289,117.04876023053035,98.50247852365692,112.03735311436256,123.08005116066725,115.23779414559601,120.66499143902205,117.31162666890839,123.731680873587,111.7334787835093,117.27899086874609,119.49180734605383,102.68331835618106,118.96718315992477,104.86129279060413,110.79882007226908,116.30534278690475,105.7769597403665
62,119.04383831692093,130.48880138017623,110.49093795682901,101.43806814528895,113.6652623299015,115.76449931422442,120.83308714147272,119.6732431727286,106.6390015560407,118.70721858138249,110.96064613701573,124.5910968277296,117.08638737900412,98.82267173154729,111.80916906069625,122.10082676564006,115.17456752953213,120.39206684638998,117.26577275430225,123.4831963932648,112.02315210073641,116.77966615783389,119.636247817881,102.9988370663161,118.49574010070701,105.3265525013302,110.82944159421447,116.44304509179022,105.8700017832736
63,118.81429015225142,130.86109562523595,110.30098724654928,101.68789860777511,113.44146130752914,115.54251599019892,121.21251978705232,120.60406578878226,106.75916196324044,118.55137884307892,110.88494815112409,124.34518869757567,117.02858829266926,98.75109416061716,111.7094592412105,122.29716980758297,114.75865263821316,120.49750430101619,116.2058398882356,123.74556249190591,111.11243918836834,115.93134353540567,119.41693482565934,102.97669120095703,118.84577716557067,105.76356452240005,110.77076143378638,116.62749589092236,105.89801105309418
64,118.44829492003099,131.29613989406695,110.82715089909354,101.4204017919334,112.92216539692524,115.55347412911554,121.73075615689652,120.89050558396518,106.49059683706336,118.07762583980951,110.84360248725251,124.10767946316383,117.37768428140498,98.4563394715489,111.1854558615079,122.5970906352139,114.47928128494094,119.81355600351624,116.40550983737293,123.33726474765797,110.64041899737182,115.11199503944081,119.5861668761709,102.97040167419952,119.09601130075583,105.48799844789399,110.9562773573318,116.61620508595146,105.55171585906899
65,118.60531630194627,131.61711952597466,110.82548857003066,101.52774298917087,113.08932241188026,115.65403135700228,121.49049048091976,120.71029543448668,106.05303166973948,118.68232080032777,111.21901084005299,124.01868880932246,117.49506675740992,98.59530967758893,111.10613232393403,121.77275467592361,114.88739784227694,119.84195685160694,116.19889511661451,123.54656817372936,110.96020480653631,115.2306275718353,119.53981590783044,102.59056378020918,118.35703529759756,105.42335820417522,110.34124166259518,116.81360529771257,105.56210030916422
66,118.67535401561896,131.94092228283242,110.39025859682131,101.32972592509442,113.26672612194018,115.25723745276372,121.5147274270559,120.76586532104928,105.95213741023298,118.72009341053128,111.32537517811498,123.92936740082547,117.25992801334728,98.39832118287775,111.00739464525836,122.09500183590986,115.02833127698844,120.21988824243937,115.76449446399464,123.56234418682993,111.03938881093808,115.28081751737004,119.40012091554533,102.62674016633656,118.1681627138327,105.34870825159592,110.13870092138072,116.2429795103928,105.16635553905608
67,118.3092458606916,131.9570118438419,110.17356369310848,101.20162463947044,113.6381093664336,115.33488636549879,121.32813849068151,120.49199127552447,105.59450296312775,119.56195455133417,112.0979913782633,123.92302803074526,117.5739779481237,98.59476234340757,110.44877033237375,122.75874797791212,115.27979991316984,120.15999907926934,116.04781871546089,123.57094181278795,111.08762679097153,114.88226170350276,119.75847859737851,102.66169996069333,118.41280433662034,105.35874022448839,109.68644276738831,116.13864395617426,104.99874186741101
68,118.47967657172946,132.12244287230715,109.79186649759404,100.94849138850458,113.607308784392,115.35238986601168,121.02002307159985,120.5281771462943,105.25189606999827,119.14357082609662,112.45042308799671,123.6174575970018,118.15737722351406,98.45149971067298,110.75199525419227,122.95889308412598,115.25749916585508,119.7560348117469,115.90815011187343,123.51619709023666,111.28171673876524,114.46172511485977,119.65467360253766,102.57253211686687,117.9642940947711,105.15573658312199,109.02443619194514,115.81141642907629,105.21361500205454
69,119.37277958603325,132.39120151700644,109.813801168305,100.67076262872034,113.6186668300554,114.8713188483795,120.7908758594943,120.74603613928363,105.04274868584356,118.87510524202655,113.4998298685905,123.65429224917962,117.67099872896615,98.91057326426814,110.3320153874187,123.01319064338836,115.31894024588507,120.00776512628184,115.86915859443789,122.66466917699087,111.52886303242987,113.83075919788249,120.23183149250463,102.88161042448712,117.90819284717668,104.61058346281,108.64023671383555,115.17990198062749,105.23163867679068
70,,132.86162484733958,109.54769991472331,,113.97404254753108,114.03643307311542,,120.66316032821413,104.84359082946806,,,123.60696505782524,118.3426510095558,98.537214891767,110.8608078071602,123.12524956909105,115.25082994595444,120.01674305432554,,,111.50500670146634,114.46947975015274,120.71176593959825,102.99801909022449,,104.52890998945387,108.51483234931743,115.30059740740184,105.30711294560668
71,,,,,,,,,,,,124.08800437150924,,,,,,,,,,,,,,,,,
