,Player,s,c,eo,ed,np,yos,min_eligible
0,Joel Embiid,0.35005404411764707,0.35005404411764707,1.188,1.092,71.44117647058823,7.0,0
1,Shai Gilgeous-Alexander,0.24549154411764706,0.3151556676470588,1.205,1.093,73.46666666666667,5.0,0
2,Giannis Antetokounmpo,0.33558885294117646,0.33558885294117646,1.194,1.125,74.7457627118644,10.0,0
3,Luka Dončić,0.29458985294117646,0.29458985294117646,1.1840000000000002,1.143,79.31481481481481,5.0,0
4,Nikola Jokić,0.35005404411764707,0.35005404411764707,1.202,1.103,70.06666666666666,8.0,0
5,Donovan Mitchell,0.24383845588235295,0.2789175976890756,1.156,1.0590000000000002,74.61702127659575,6.0,0
6,Tyrese Haliburton,0.042709080882352944,0.26522009348739495,1.195,1.161,69.44,3.0,0
7,Kawhi Leonard,0.33558885294117646,0.33558885294117646,1.175,1.09,70.76363636363637,11.0,0
8,LeBron James,0.35005404411764707,0.35005404411764707,1.148,1.127,74.0,20.0,0
9,Jayson Tatum,0.23970632352941176,0.2555699464285714,1.204,1.087,74.10344827586206,6.0,0
10,Paul George,0.33558885294117646,0.33558885294117646,1.199,1.103,69.27272727272727,13.0,0
11,Derrick White,0.13497899264705882,0.2535767720588235,1.216,1.077,67.40350877192982,6.0,0
12,Kevin Durant,0.35036347794117645,0.35036347794117645,1.17,1.12,78.47272727272727,15.0,0
13,Devin Booker,0.264825,0.264825,1.1840000000000002,1.127,74.92,8.0,0
14,Anthony Edwards,0.09952071323529411,0.24142444747899156,1.1520000000000001,1.0590000000000002,71.49152542372882,3.0,0
15,Jalen Brunson,0.19372548529411765,0.2700829989495798,1.172,1.126,72.03508771929825,5.0,0
16,Kristaps Porziņģis,0.264825,0.26749321638655466,1.204,1.08,62.666666666666664,7.0,0
17,Stephen Curry,0.38173246323529414,0.38173246323529414,1.162,1.157,70.56140350877193,14.0,0
18,Damian Lillard,0.33558885294117646,0.33558885294117646,1.1840000000000002,1.1059999999999999,75.01754385964912,11.0,0
19,Jimmy Butler,0.332235,0.332235,1.151,1.1079999999999999,69.11904761904762,12.0,0
20,Victor Wembanyama,0.08941676470588235,0.2770383182773109,1.074,1.121,62.30357142857143,0.0,0
21,James Harden,0.2620588235294118,0.2620588235294118,1.196,1.126,70.25454545454545,14.0,0
22,Anthony Davis,0.29853,0.29853,1.1420000000000001,1.137,75.94915254237289,11.0,0
23,De'Aaron Fox,0.23970632352941176,0.23970632352941176,1.162,1.147,76.42307692307692,6.0,0
24,Kyrie Irving,0.2723311544117647,0.2723311544117647,1.182,1.143,72.525,12.0,0
25,Chet Holmgren,0.07636764705882353,0.1922619705882353,1.187,1.103,64.32786885245902,0.0,0
26,Fred VanVleet,0.30004632352941174,0.30004632352941174,1.1179999999999999,1.089,76.31481481481481,7.0,0
27,Tyrese Maxey,0.031940588235294116,0.13888337815126053,1.168,1.136,77.50909090909092,3.0,0
28,Lauri Markkanen,0.1269117573529412,0.1269117573529412,1.176,1.17,70.31372549019608,6.0,0
29,Franz Wagner,0.040505294117647056,0.12957988235294118,1.1079999999999999,1.071,68.03703703703704,2.0,0
30,Jusuf Nurkić,0.12408088235294118,0.12408088235294118,1.1909999999999998,1.104,57.05172413793103,9.0,0
31,Isaiah Hartenstein,0.06797883088235294,0.09098066281512605,1.167,1.104,51.839285714285715,5.0,0
32,Khris Middleton,0.2155955,0.2155955,1.195,1.127,56.395348837209305,11.0,0
33,Jalen Williams,0.033519705882352945,0.10452832668067226,1.18,1.0959999999999999,68.34545454545454,1.0,0
34,Desmond Bane,0.02827266911764706,0.1063853193277311,1.061,1.127,72.35135135135135,3.0,0
35,Jaylen Brown,0.23404674264705883,0.23404674264705883,1.195,1.0959999999999999,69.67857142857143,7.0,0
36,Kevin Love,0.02820395588235294,0.10946780462184873,1.1520000000000001,1.093,36.1063829787234,15.0,0
38,LaMelo Ball,0.08015172794117648,0.14643916701680673,1.113,1.195,69.18181818181819,3.0,0
39,Domantas Sabonis,0.225,0.225,1.153,1.157,74.7,7.0,0
40,Trae Young,0.29458985294117646,0.29458985294117646,1.16,1.183,79.72549019607843,5.0,0
41,Alperen Şengün,0.026002058823529413,0.16520593277310927,1.12,1.1179999999999999,67.11666666666666,2.0,0
42,Collin Sexton,0.12738970588235293,0.18929497163865544,1.163,1.182,53.725806451612904,5.0,0
43,Karl-Anthony Towns,0.264825,0.264825,1.151,1.075,67.41666666666667,8.0,0
44,Marcus Smart,0.13848318382352942,0.19367436239495797,1.068,1.0659999999999998,64.45,9.0,0
45,Brandon Ingram,0.248775,0.248775,1.158,1.111,68.53571428571429,7.0,0
46,Jamal Murray,0.248775,0.248775,1.188,1.117,64.41304347826087,6.0,0
47,Rudy Gobert,0.3014705882352941,0.3014705882352941,1.1420000000000001,1.048,68.35,10.0,0
48,Herbert Jones,0.0883466911764706,0.1544467121848739,1.163,1.089,60.824561403508774,2.0,0
49,Scottie Barnes,0.058887352941176474,0.1423543056722689,1.119,1.146,73.55,2.0,0
50,Alex Caruso,0.06955882352941177,0.13020386659663866,1.11,1.082,56.46153846153846,6.0,0
51,Evan Mobley,0.0653135294117647,0.08930742226890756,1.0979999999999999,1.07,65.42105263157895,2.0,0
52,Draymond Green,0.1641281544117647,0.1641281544117647,1.146,1.117,57.166666666666664,11.0,0
53,Aaron Gordon,0.16372192647058822,0.16372192647058822,1.185,1.105,64.85714285714286,9.0,0
54,Goga Bitadze,0.01519547794117647,0.13458373529411766,1.097,1.085,35.5,4.0,0
55,Julius Randle,0.20755058823529413,0.20755058823529413,1.168,1.1320000000000001,73.1304347826087,9.0,0
56,Jarrett Allen,0.14705882352941177,0.16987909348739497,1.155,1.084,64.69642857142857,6.0,0
57,Mike Conley,0.17911764705882352,0.18629424684873955,1.126,1.062,58.63157894736842,16.0,0
58,Ja Morant,0.25003860294117647,0.25003860294117647,1.099,1.097,75.0,4.0,0
59,Chris Paul,0.22647058823529412,0.22647058823529412,1.13,1.0959999999999999,56.72222222222222,18.0,0
60,Pascal Siakam,0.278628,0.278628,1.153,1.151,71.22950819672131,7.0,0
61,Michael Porter Jr.,0.24549154411764706,0.24549154411764706,1.181,1.1159999999999999,65.27868852459017,4.0,0
62,Bam Adebayo,0.23970632352941176,0.23970632352941176,1.0959999999999999,1.095,70.76470588235294,6.0,0
63,Zion Williamson,0.25003860294117647,0.25003860294117647,1.1420000000000001,1.117,65.0,3.0,0
64,Myles Turner,0.1542279411764706,0.15608699894957984,1.187,1.155,58.54237288135593,8.0,0
65,Jalen Suggs,0.05332411764705882,0.12631485924369748,1.109,1.102,55.36842105263158,2.0,0
66,Max Strus,0.10652708823529412,0.11034840966386553,1.139,1.0659999999999998,67.01666666666667,4.0,0
67,Devin Vassell,0.043293375,0.08611320273109245,1.071,1.1440000000000001,69.08771929824562,3.0,0
68,Jalen Smith,0.03708656617647059,0.08771509348739495,1.169,1.181,37.56818181818182,3.0,0
69,Jonathan Isaac,0.12794117647058822,0.12794117647058822,1.138,1.02,30.261904761904763,4.0,0
70,Ivica Zubac,0.0803921544117647,0.0803921544117647,1.161,1.104,53.875,7.0,0
71,Malcolm Brogdon,0.16544117647058823,0.16544117647058823,1.097,1.131,59.64102564102564,7.0,0
72,De'Anthony Melton,0.058823529411764705,0.11102130042016807,1.198,1.112,58.75,5.0,0
73,Sam Merrill,0.014685573529411765,0.11553810714285714,1.115,1.0979999999999999,33.23255813953488,3.0,0
74,Jrue Holiday,0.2710419632352941,0.2710419632352941,1.198,1.101,68.33928571428571,14.0,0
75,Moritz Wagner,0.058823529411764705,0.1376695525210084,1.128,1.109,38.15,5.0,0
76,Mikal Bridges,0.15955882352941175,0.15955882352941175,1.107,1.136,72.66129032258064,5.0,0
77,Bogdan Bogdanović,0.1375,0.14363426050420167,1.163,1.146,62.91525423728814,6.0,0
78,CJ McCollum,0.26325344852941174,0.26325344852941174,1.157,1.117,65.80434782608695,10.0,0
79,Donte DiVincenzo,0.08014705882352942,0.11254007247899159,1.151,1.137,53.622950819672134,5.0,0
80,Dereck Lively II,0.035115,0.11600645903361342,1.215,1.138,52.25,0.0,0
81,Wendell Carter Jr.,0.09595588235294118,0.10046881197478989,1.102,1.089,53.638888888888886,5.0,0
82,Day'Ron Sharpe,0.016250294117647057,0.0793336743697479,1.14,1.084,32.28260869565217,2.0,0
83,Brook Lopez,0.18382352941176472,0.18382352941176472,1.168,1.101,67.22033898305085,15.0,0
84,Mark Williams,0.028736470588235294,0.10951671533613447,1.147,1.14,55.578947368421055,1.0,0
85,Mitchell Robinson,0.11530748529411765,0.11530748529411765,1.145,1.141,59.095238095238095,5.0,0
86,D'Angelo Russell,0.12726244852941176,0.12726244852941176,1.1520000000000001,1.1320000000000001,68.22413793103448,8.0,0
87,Jaren Jackson Jr.,0.19928089705882354,0.19928089705882354,1.0490000000000002,1.115,66.51851851851852,5.0,0
88,Keegan Murray,0.06183088235294117,0.08103325420168069,1.148,1.1420000000000001,69.05357142857143,1.0,0
89,Andre Drummond,0.024705882352941175,0.06648942857142856,1.129,1.143,35.14754098360656,11.0,0
90,Isaiah Jackson,0.01982558823529412,0.05462508718487395,1.126,1.1320000000000001,30.02173913043478,2.0,0
91,Kris Dunn,0.019019595588235294,0.03918369852941177,1.182,1.165,39.31481481481482,7.0,0
92,Jose Alvarado,0.01350070588235294,0.058712059873949576,1.169,1.042,35.63414634146341,2.0,0
93,Jonathan Kuminga,0.04421205882352941,0.05730418802521009,1.141,1.1079999999999999,54.76271186440678,2.0,0
94,Daniel Gafford,0.09119117647058823,0.09119117647058823,1.117,1.161,53.92727272727273,4.0,0
95,Tyler Herro,0.19852941176470587,0.19852941176470587,1.112,1.113,69.19444444444444,4.0,0
96,Dennis Smith Jr.,0.014850779411764705,0.06766976050420169,1.099,1.092,40.30434782608695,6.0,0
97,Paolo Banchero,0.0853535294117647,0.0853535294117647,1.102,1.1079999999999999,71.46666666666667,1.0,0
98,Trey Murphy III,0.024700588235294117,0.06106608508403362,1.159,1.055,56.567567567567565,2.0,0
99,Lonnie Walker IV,0.014850779411764705,0.04815110399159663,1.148,1.1159999999999999,38.285714285714285,5.0,0
100,Vince Williams Jr.,0.016414029411764706,0.05202733403361344,1.063,1.105,56.42,1.0,0
101,Tre Jones,0.07276347794117648,0.07276347794117648,1.1079999999999999,1.131,56.8421052631579,3.0,0
102,Kentavious Caldwell-Pope,0.10812454411764706,0.10812454411764706,1.206,1.101,65.10714285714286,10.0,0
103,Dean Wade,0.04198438970588235,0.11593676470588236,1.13,1.022,41.73076923076923,4.0,0
107,Spencer Dinwiddie,0.16111615441176472,0.16111615441176472,1.153,1.149,61.421052631578945,9.0,0
108,Darius Garland,0.25003860294117647,0.25003860294117647,1.133,1.099,68.29729729729729,4.0,0
109,Tari Eason,0.025935,0.16973673529411765,1.1179999999999999,1.016,45.95454545454545,1.0,0
110,Luguentz Dort,0.11233660294117646,0.1516439863445378,1.198,1.1079999999999999,60.186440677966104,4.0,0
111,Dejounte Murray,0.13392647058823529,0.14478770378151262,1.149,1.1840000000000002,74.77586206896552,6.0,0
112,Bradley Beal,0.3436881617647059,0.3436881617647059,1.159,1.133,68.06060606060606,11.0,0
113,Nickeil Alexander-Walker,0.034466911764705885,0.11681350210084032,1.131,1.053,48.096774193548384,4.0,0
114,Caris LeVert,0.11312217647058824,0.13080743277310924,1.147,1.095,58.12244897959184,7.0,0
115,Isaiah Stewart,0.03872583088235294,0.12104566281512608,1.105,1.137,64.15384615384616,3.0,0
116,Aaron Nesmith,0.041428360294117644,0.08816058928571428,1.178,1.155,57.388888888888886,3.0,0
117,DeMar DeRozan,0.21029411764705883,0.21029411764705883,1.125,1.138,77.2542372881356,14.0,0
118,Isaac Okoro,0.06559408088235294,0.0961720787815126,1.133,1.084,54.03846153846154,3.0,0
119,Jonas Valančiūnas,0.11349264705882353,0.11349264705882353,1.176,1.122,51.774193548387096,11.0,0
120,Cameron Johnson,0.18881873529411763,0.18881873529411763,1.119,1.1520000000000001,57.183673469387756,4.0,0
121,Malik Beasley,0.014850779411764705,0.12615431722689074,1.185,1.095,63.25,7.0,0
122,Buddy Hield,0.14176353676470588,0.14176353676470588,1.165,1.167,57.96825396825397,7.0,0
123,T.J. McConnell,0.06397058823529411,0.12543557037815126,1.165,1.143,38.21153846153846,8.0,0
124,Zach LaVine,0.29458985294117646,0.29458985294117646,1.09,1.138,71.2,9.0,0
125,Immanuel Quickley,0.03067314705882353,0.1566594107142857,1.133,1.129,58.80701754385965,3.0,0
126,Jakob Poeltl,0.14338235294117646,0.14807881197478992,1.126,1.13,55.26,7.0,0
127,Tobias Harris,0.28875110294117645,0.28875110294117645,1.161,1.1179999999999999,70.41818181818182,12.0,0
128,Duncan Robinson,0.13348529411764706,0.13348529411764706,1.114,1.104,57.785714285714285,5.0,0
129,Coby White,0.0816993455882353,0.11732150420168067,1.138,1.137,74.49180327868852,4.0,0
130,Naz Reid,0.0952235294117647,0.10103999159663866,1.11,1.037,48.16129032258065,4.0,0
131,Jaden McDaniels,0.028686757352941177,0.06636881302521008,1.135,1.085,58.92307692307692,3.0,0
132,Obi Toppin,0.05002214705882353,0.05049788025210084,1.1840000000000002,1.165,48.285714285714285,3.0,0
133,Dwight Powell,0.029411764705882353,0.04180045273109244,1.171,1.146,30.627450980392158,9.0,0
134,Deni Avdija,0.04605285294117647,0.04605285294117647,1.093,1.166,62.672413793103445,3.0,0
135,Simone Fontecchio,0.022388764705882355,0.05138901575630252,1.119,1.1320000000000001,51.38333333333333,1.0,0
136,Walker Kessler,0.02081735294117647,0.046364534663865545,1.111,1.146,49.21568627450981,1.0,0
137,Brandin Podziemski,0.02465029411764706,0.06725101470588235,1.169,1.11,56.44230769230769,0.0,0
138,Dillon Brooks,0.16637993382352942,0.16637993382352942,1.103,1.111,65.28846153846153,6.0,0
139,Dario Šarić,0.014850779411764705,0.09180403991596639,1.123,1.146,38.13793103448276,6.0,0
140,RJ Barrett,0.175617125,0.175617125,1.135,1.159,66.05882352941177,4.0,0
141,Kyle Lowry,0.21825397058823529,0.21825397058823529,1.104,1.109,57.30232558139535,17.0,0
142,Dante Exum,0.022058823529411766,0.09950653466386553,1.22,1.123,40.77777777777778,6.0,0
143,Russell Westbrook,0.02820395588235294,0.0996243907563025,1.165,1.125,48.1551724137931,15.0,0
144,Robert Covington,0.08597285294117647,0.08597285294117647,1.147,1.035,34.41379310344828,10.0,0
145,Clint Capela,0.15158823529411763,0.15158823529411763,1.13,1.168,54.22641509433962,9.0,0
146,Andrew Nembhard,0.01567577205882353,0.07960180147058825,1.141,1.135,50.08163265306123,1.0,0
147,Amen Thompson,0.06477441176470589,0.09994789705882354,1.078,1.099,42.42857142857143,0.0,0
148,Luke Kennard,0.10855614705882353,0.13306463235294116,1.063,1.155,51.645161290322584,6.0,0
149,Dorian Finney-Smith,0.10244123529411765,0.1219133718487395,1.113,1.119,57.43396226415094,7.0,0
150,Terry Rozier,0.170626625,0.170626625,1.094,1.193,70.0909090909091,8.0,0
151,Klay Thompson,0.31779,0.31779,1.135,1.1640000000000001,63.719298245614034,10.0,0
152,Al Horford,0.07352941176470588,0.09939455147058825,1.192,1.079,55.31372549019608,16.0,0
153,Isaiah Joe,0.014685573529411765,0.08688162920168067,1.178,1.085,40.35087719298246,3.0,0
154,Neemias Queta,0.001838235294117647,0.07411917016806724,1.291,1.123,24.91304347826087,2.0,0
155,Bol Bol,0.014850779411764705,0.03326963235294118,1.0979999999999999,1.073,23.791666666666668,4.0,0
156,Tristan Thompson,0.014850779411764705,0.03747131302521008,1.1840000000000002,1.122,25.27777777777778,12.0,0
157,Cade Cunningham,0.08128941176470589,0.08128941176470589,1.088,1.17,70.76470588235294,2.0,0
158,Jalen Duren,0.031843235294117644,0.06467328886554623,1.09,1.163,63.08695652173913,1.0,0
159,Tyus Jones,0.10294117647058823,0.10294117647058823,1.095,1.2009999999999998,63.63934426229508,8.0,0
160,Nic Claxton,0.07077205882352941,0.10290596323529412,1.082,1.137,60.65384615384615,4.0,0
161,Nikola Vučević,0.13616558088235295,0.13616558088235295,1.112,1.131,70.23214285714286,12.0,0
162,Deandre Ayton,0.23867233823529413,0.23867233823529413,1.07,1.136,64.525,5.0,0
163,Ausar Thompson,0.058657941176470586,0.0783405430672269,1.071,1.125,52.65573770491803,0.0,0
164,Ryan Rollins,0.012646058823529411,0.07247108613445379,1.18,0.8140000000000001,14.9,1.0,0
165,Nikola Jović,0.017294117647058824,0.059094616596638665,1.15,1.07,35.111111111111114,1.0,0
166,Sam Hauser,0.014175705882352941,0.034373568277310924,1.188,1.075,43.31666666666667,2.0,0
167,Payton Pritchard,0.02968586029411765,0.03431455567226891,1.194,1.099,41.36065573770492,3.0,0
168,Dyson Daniels,0.04253029411764706,0.04253029411764706,1.173,1.105,45.55769230769231,1.0,0
169,Grayson Allen,0.065625,0.065625,1.176,1.138,69.92857142857143,5.0,0
170,Miles Bridges,0.05824485294117647,0.05824485294117647,1.069,1.175,77.19607843137256,4.0,0
171,Naji Marshall,0.014196183823529412,0.04948955987394959,1.176,1.085,39.96,3.0,0
172,Moses Moody,0.02881235294117647,0.07027113760504201,1.114,1.105,37.26086956521739,2.0,0
173,Jaden Ivey,0.055988823529411764,0.07069290231092436,1.115,1.178,59.26315789473684,1.0,0
174,Talen Horton-Tucker,0.08102941176470588,0.08102941176470588,1.1179999999999999,1.161,41.64102564102564,4.0,0
175,Kyle Kuzma,0.1880013382352941,0.1880013382352941,1.09,1.1909999999999998,69.1864406779661,6.0,0
176,Jabari Smith Jr.,0.06857735294117646,0.07503986449579832,1.0979999999999999,1.123,66.66071428571429,1.0,0
177,Kevin Huerter,0.11521796323529412,0.11521796323529412,1.165,1.148,53.05172413793103,5.0,0
178,Trayce Jackson-Davis,0.008232080882352942,0.0680346712184874,1.137,1.109,27.617021276595743,0.0,0
179,Toumani Camara,0.008232080882352942,0.08098133718487396,1.05,1.1059999999999999,49.37931034482759,0.0,0
180,Malik Monk,0.07313110294117647,0.07425742962184875,1.146,1.1640000000000001,55.33898305084746,6.0,0
181,Kelly Oubre Jr.,0.014850779411764705,0.060217384453781504,1.122,1.151,60.333333333333336,8.0,0
182,Ben Simmons,0.278628,0.278628,1.099,1.125,50.6,5.0,0
183,Jalen Johnson,0.02151,0.08614590756302519,1.1440000000000001,1.153,74.25531914893617,2.0,0
184,Peyton Watson,0.01693764705882353,0.09223299894957983,1.107,1.112,37.38333333333333,1.0,0
185,Anfernee Simons,0.17725840441176471,0.17725840441176471,1.084,1.181,69.86486486486487,5.0,0
186,Josh Okogie,0.020705419117647058,0.08121323949579831,1.125,1.1059999999999999,35.870370370370374,5.0,0
187,Rui Hachimura,0.11574074264705882,0.11574074264705882,1.151,1.122,53.69387755102041,4.0,0
188,Aaron Wiggins,0.01350070588235294,0.0983538056722689,1.155,1.089,30.051724137931036,2.0,0
189,Jerami Grant,0.20283975735294119,0.20283975735294119,1.0590000000000002,1.151,69.09615384615384,9.0,0
190,Patrick Williams,0.0723226544117647,0.08280118277310923,1.141,1.139,55.651162790697676,3.0,0
191,Nicolas Batum,0.08610895588235294,0.08610895588235294,1.182,1.119,50.170731707317074,15.0,0
192,Saddiq Bey,0.03350722794117647,0.08734757247899161,1.168,1.183,69.71666666666667,3.0,0
193,Cody Martin,0.05558823529411765,0.06648285924369748,1.056,1.155,55.035714285714285,4.0,0
194,Royce O'Neale,0.06985294117647059,0.06985294117647059,1.124,1.102,53.152542372881356,6.0,0
195,Dennis Schröder,0.09121323529411765,0.09121323529411765,1.126,1.155,62.435483870967744,10.0,0
196,Paul Reed,0.056786764705882356,0.06976796848739496,1.138,1.135,37.52459016393443,3.0,0
197,Cason Wallace,0.03890735294117647,0.067477743697479,1.156,1.0979999999999999,43.31147540983606,0.0,0
198,Gary Trent Jr.,0.13647058823529412,0.13647058823529412,1.127,1.158,56.280701754385966,5.0,0
202,Derrick Jones Jr.,0.03955666176470588,0.0632199705882353,1.143,1.138,51.10526315789474,7.0,0
203,Santi Aldama,0.016133823529411766,0.07551892016806723,1.041,1.124,51.88,2.0,0
204,Brandon Miller,0.08000294117647058,0.08000294117647058,1.072,1.163,66.01818181818182,0.0,0
205,Marvin Bagley III,0.09191176470588236,0.09191176470588236,1.0979999999999999,1.183,45.5,5.0,0
206,Dāvis Bertāns,0.125,0.125,1.095,1.072,20.708333333333332,7.0,0
207,Caleb Martin,0.05002169117647059,0.06500314285714286,1.126,1.11,54.63636363636363,4.0,0
208,Mason Plumlee,0.03676470588235294,0.062092074579831937,1.189,1.148,35.74074074074074,10.0,0
209,Ayo Dosunmu,0.04765795588235294,0.06158277836134455,1.11,1.135,55.220338983050844,2.0,0
210,Cam Whitmore,0.023662941176470588,0.06482782668067226,1.078,1.111,38.08571428571429,0.0,0
211,Onyeka Okongwu,0.05962546323529412,0.0668362825630252,1.172,1.176,55.509433962264154,3.0,0
212,Austin Reaves,0.0883466911764706,0.0883466911764706,1.136,1.1520000000000001,66.71428571428571,2.0,0
213,De'Andre Hunter,0.14771533823529412,0.14771533823529412,1.1640000000000001,1.178,60.37837837837838,4.0,0
214,Gary Payton II,0.06408088235294118,0.07266123844537817,1.1320000000000001,1.069,34.5,7.0,0
215,Jordan McLaughlin,0.017058823529411765,0.08200045798319329,1.058,0.997,19.405405405405407,4.0,0
216,Chris Boucher,0.08639705882352941,0.08639705882352941,1.153,1.124,28.0625,6.0,0
217,Kenrich Williams,0.04540441176470588,0.05979681407563025,1.187,1.062,30.1,5.0,0
218,Harrison Barnes,0.125,0.125,1.135,1.165,62.35,11.0,0
219,Precious Achiuwa,0.0322024044117647,0.07191353886554623,1.119,1.109,45.32727272727273,3.0,0
220,Josh Giddey,0.04843411764705882,0.07322656407563025,1.183,1.112,52.6,2.0,0
221,Kelly Olynyk,0.08967001470588236,0.08967001470588236,1.105,1.1740000000000002,43.9,10.0,0
222,Larry Nance Jr.,0.07628676470588236,0.07628676470588236,1.127,1.073,38.63636363636363,8.0,0
223,Gary Harris,0.09558823529411764,0.09558823529411764,1.127,1.101,47.41025641025641,9.0,0
224,Tre Mann,0.023466176470588237,0.05257280252100841,1.0290000000000001,1.085,38.625,2.0,0
225,Jarred Vanderbilt,0.03454411764705882,0.04188434033613446,1.136,1.09,43.206896551724135,5.0,0
226,James Bouknight,0.033603529411764706,0.05199463445378151,1.073,1.195,11.857142857142858,2.0,0
227,Aaron Holiday,0.014850779411764705,0.04872938235294118,1.091,1.075,35.96551724137931,5.0,0
228,Patrick Beverley,0.014850779411764705,0.05899051680672269,1.0859999999999999,1.105,39.78947368421053,11.0,0
229,Keldon Johnson,0.14705882352941177,0.14705882352941177,1.077,1.166,63.93103448275862,4.0,0
230,Jalen Green,0.0727314705882353,0.0727314705882353,1.104,1.126,64.32786885245902,2.0,0
231,Josh Hart,0.09529411764705882,0.09529411764705882,1.1340000000000001,1.095,63.22950819672131,6.0,0
232,Quentin Grimes,0.01754205882352941,0.07959146428571429,1.069,1.087,40.83673469387755,2.0,0
233,Alec Burks,0.07712941176470588,0.07712941176470588,1.081,1.193,42.716981132075475,12.0,0
234,Eric Gordon,0.02350329411764706,0.0702516743697479,1.156,1.123,62.09803921568628,15.0,0
235,P.J. Washington,0.12388107352941176,0.12388107352941176,1.1179999999999999,1.171,62.592592592592595,4.0,0
236,Julian Champagnie,0.022058823529411766,0.05932291071428571,1.11,1.147,36.092592592592595,1.0,0
237,Norman Powell,0.1323529411764706,0.1323529411764706,1.163,1.117,54.13559322033898,8.0,0
238,Torrey Craig,0.018589948529411766,0.06574498739495797,1.088,1.183,42.75757575757576,6.0,0
239,Luke Kornet,0.017744882352941176,0.05032185084033613,1.1740000000000002,1.117,29.636363636363637,6.0,0
240,Tim Hardaway Jr.,0.1316009411764706,0.1316009411764706,1.158,1.159,61.50847457627118,10.0,0
241,Haywood Highsmith,0.013986301470588235,0.05700221428571429,1.099,1.105,42.2,3.0,0
242,Oshae Brissett,0.015919117647058823,0.06222465861344538,1.175,1.1,22.425,4.0,0
243,Trendon Watford,0.014850779411764705,0.06550876260504203,1.127,1.141,23.954545454545453,2.0,0
244,John Collins,0.1863235294117647,0.1863235294117647,1.1320000000000001,1.207,59.46551724137931,6.0,0
245,Kevon Looney,0.05514705882352941,0.05514705882352941,1.148,1.165,35.75,8.0,0
246,Cole Anthony,0.04073361029411765,0.08148642542016807,1.1079999999999999,1.0979999999999999,46.83606557377049,3.0,0
247,Cam Reddish,0.015919117647058823,0.08148642542016807,1.107,1.114,48.0,4.0,0
248,Jaime Jaquez Jr.,0.025813235294117647,0.07797802205882354,1.124,1.104,60.472727272727276,0.0,0
249,Gordon Hayward,0.23161764705882354,0.23161764705882354,1.114,1.183,58.65625,13.0,0
250,Sandro Mamukelashvili,0.014850779411764705,0.06692734453781511,1.089,1.073,14.303030303030303,2.0,0
251,Bruce Brown,0.16176470588235295,0.16176470588235295,1.1640000000000001,1.179,60.51923076923077,5.0,0
252,Miles McBride,0.01350070588235294,0.07747767226890757,1.042,1.0959999999999999,29.53061224489796,2.0,0
253,Keon Ellis,0.005025220588235294,0.04649027731092437,1.194,1.1420000000000001,24.228571428571428,1.0,0
254,Kyle Anderson,0.06779052941176471,0.06779052941176471,1.099,1.06,46.333333333333336,9.0,0
255,Jae'Sean Tate,0.04779411764705882,0.04779411764705882,1.102,1.052,35.867924528301884,3.0,0
256,Caleb Houstan,0.014705882352941176,0.030466672268907563,1.101,1.112,29.711111111111112,1.0,0
257,Cam Thomas,0.016471764705882352,0.036894739495798315,1.104,1.156,62.6875,2.0,0
258,Sasha Vezenkov,0.046628411764705884,0.046628411764705884,1.128,1.13,26.82857142857143,0.0,0
259,Jae Crowder,0.014850779411764705,0.034584018907563026,1.12,1.149,52.354838709677416,11.0,0
260,Danilo Gallinari,0.05002169117647059,0.05002169117647059,1.114,1.197,30.289473684210527,13.0,0
261,Nick Richards,0.03676470588235294,0.05063396218487395,1.047,1.173,53.40384615384615,3.0,0
265,Cameron Payne,0.06264489705882353,0.07929920273109244,1.139,1.147,33.473684210526315,8.0,0
266,Joe Ingles,0.08088235294117647,0.09682512605042017,1.141,1.114,36.229166666666664,9.0,0
267,Jordan Poole,0.201877625,0.201877625,1.088,1.187,64.44067796610169,4.0,0
268,Delon Wright,0.06025825,0.0957708130252101,1.081,1.127,30.305555555555557,8.0,0
269,Jordan Clarkson,0.1727031544117647,0.1727031544117647,1.125,1.19,64.31372549019608,9.0,0
270,Trey Lyles,0.058823529411764705,0.08336550105042016,1.168,1.125,41.77777777777778,8.0,0
271,Taurean Prince,0.033205882352941175,0.07238298319327731,1.126,1.162,61.71666666666667,7.0,0
272,Reggie Jackson,0.03676470588235294,0.06810701470588235,1.1179999999999999,1.119,47.225806451612904,12.0,0
273,Christian Wood,0.019925360294117647,0.0461914800420168,1.105,1.0859999999999999,36.98,7.0,0
274,Markelle Fultz,0.125,0.125,1.079,1.07,47.76,6.0,0
275,Chris Duarte,0.030326470588235295,0.06516303781512604,1.119,1.139,27.27906976744186,2.0,0
276,Marcus Sasser,0.019294411764705883,0.060992326680672275,1.099,1.166,35.0,0.0,0
277,Terance Mann,0.07777149264705882,0.07777149264705882,1.173,1.149,51.370370370370374,4.0,0
278,Bojan Bogdanović,0.14705882352941177,0.14705882352941177,1.089,1.219,65.27027027027027,9.0,0
280,Vasilije Micić,0.056786764705882356,0.06869366176470589,1.137,1.074,31.0,0.0,0
281,Landry Shamet,0.07536764705882353,0.07536764705882353,1.097,1.194,34.63636363636363,5.0,0
282,Matisse Thybulle,0.07720588235294118,0.07720588235294118,1.068,1.135,48.21052631578947,4.0,0
283,Jeremy Sochan,0.03909529411764706,0.04818786974789916,1.0659999999999998,1.146,62.79032258064516,1.0,0
284,Anthony Black,0.053275588235294116,0.053275588235294116,1.068,1.079,38.55357142857143,0.0,0
288,Lamar Stevens,0.017791955882352942,0.03217871848739496,1.0190000000000001,1.016,22.75,3.0,0
289,Derrick Rose,0.02350329411764706,0.02861877731092437,1.036,1.063,35.166666666666664,14.0,1
290,Corey Kispert,0.027367941176470588,0.027367941176470588,1.08,1.185,49.74576271186441,2.0,0
291,Shaedon Sharpe,0.046425,0.046425,1.036,1.14,68.4375,1.0,0
295,Jordan Goodwin,0.014175705882352941,0.045968422268907565,1.054,1.102,32.355555555555554,2.0,0
296,Bobby Portis,0.08610895588235294,0.08610895588235294,1.167,1.16,50.66129032258065,8.0,0
297,Grant Williams,0.09121323529411765,0.09121323529411765,1.111,1.133,56.56896551724138,4.0,0
302,Jaylin Williams,0.014705882352941176,0.06618663025210084,1.165,1.0590000000000002,26.42,1.0,0
303,Josh Green,0.035039257352941174,0.05965876890756303,1.175,1.179,57.53061224489796,3.0,0
304,Andrew Wiggins,0.17889968382352942,0.17889968382352942,1.139,1.166,57.35294117647059,9.0,0
305,Thaddeus Young,0.058823529411764705,0.058823529411764705,1.17,1.197,31.0,16.0,0
306,Jevon Carter,0.04551820588235294,0.05819645693277311,1.078,1.09,27.775862068965516,5.0,0
307,Lindy Waters III,0.005633051470588235,0.05592194117647059,1.058,1.099,14.115384615384615,2.0,0
308,Jock Landale,0.058823529411764705,0.058823529411764705,1.0859999999999999,1.021,19.514285714285716,2.0,0
309,Dalen Terry,0.024637941176470588,0.02660403046218487,1.136,1.104,20.85,1.0,0
310,Charles Bassey,0.01911764705882353,0.022566360294117647,1.0590000000000002,1.171,23.94736842105263,2.0,0
311,Alex Len,0.014850779411764705,0.023568218487394956,1.185,1.02,18.615384615384617,10.0,1
312,John Konchar,0.01764705882352941,0.01764705882352941,1.037,1.099,40.765957446808514,4.0,1
313,Drew Eubanks,0.017254514705882355,0.02287383613445378,1.074,1.127,33.07142857142857,5.0,0
314,Jabari Walker,0.012646058823529411,0.029249888655462183,1.064,1.163,45.42857142857143,1.0,0
315,DeAndre Jordan,0.014850779411764705,0.030979889705882353,1.058,1.1520000000000001,22.82758620689655,15.0,0
319,Daniel Theis,0.06375001470588235,0.06375001470588235,1.158,1.127,36.22222222222222,6.0,0
320,Amir Coffey,0.026960786764705882,0.045974179621848736,1.161,1.175,40.166666666666664,4.0,0
321,Jarace Walker,0.04455529411764706,0.045974179621848736,1.181,1.1540000000000001,22.047619047619047,0.0,0
322,Bruno Fernando,0.018981779411764706,0.041455301470588235,1.0859999999999999,1.107,23.625,4.0,0
323,Devonte' Graham,0.08897058823529412,0.08897058823529412,1.176,1.003,18.083333333333332,5.0,0
324,Mo Bamba,0.014850779411764705,0.041173117647058825,1.069,1.111,22.897435897435898,5.0,0
328,JaVale McGee,0.032117867647058825,0.03716826890756302,1.0979999999999999,1.126,17.641025641025642,15.0,0
329,Zach Collins,0.05661764705882353,0.05661764705882353,1.051,1.1740000000000002,49.44,5.0,0
330,Keon Johnson,0.02065235294117647,0.03422725840336134,1.2329999999999999,1.439,25.75,2.0,0
331,Cody Zeller,0.014850779411764705,0.032304075630252095,1.161,1.07,16.846153846153847,10.0,0
332,Jeff Green,0.07058823529411765,0.07058823529411765,1.084,1.112,34.47457627118644,15.0,0
333,Jaden Hardy,0.012646058823529411,0.023410065126050417,1.103,1.143,31.509090909090908,1.0,0
334,Ben Sheppard,0.018655588235294118,0.022733888655462185,1.188,1.167,26.0,0.0,0
335,Skylar Mays,0.013229139705882353,0.04042027205882353,1.0270000000000001,1.169,27.870967741935484,3.0,0
336,Orlando Robinson,0.013248301470588236,0.03214281827731093,1.1340000000000001,1.104,20.703703703703702,1.0,0
337,Jaxson Hayes,0.015919117647058823,0.035388969537815125,1.11,1.1420000000000001,24.01923076923077,4.0,0
338,Evan Fournier,0.13865546323529412,0.13865546323529412,0.97,1.074,37.416666666666664,11.0,0
339,Bryce McGowens,0.012646058823529411,0.03807119327731092,1.053,1.161,32.93877551020408,1.0,0
340,Ziaire Williams,0.03536911764705882,0.04038025945378151,1.011,1.126,42.27450980392157,2.0,0
341,Keyonte George,0.028601470588235294,0.04120391491596638,1.099,1.178,53.785714285714285,0.0,0
342,Jordan Nwora,0.022058823529411766,0.023493930672268907,1.079,1.183,24.545454545454547,3.0,0
343,Seth Curry,0.029411764705882353,0.029411764705882353,1.103,1.074,29.568181818181817,9.0,0
344,Christian Braun,0.021684705882352943,0.02799985714285715,1.095,1.104,39.516129032258064,1.0,0
345,Anthony Gill,0.014685573529411765,0.0317017006302521,1.204,1.0190000000000001,12.125,3.0,0
346,Moses Brown,0.014850779411764705,0.03101537079831933,1.0070000000000001,1.2,17.666666666666668,4.0,0
347,Georges Niang,0.06470588235294118,0.06470588235294118,1.139,1.115,44.08196721311475,7.0,0
348,Killian Hayes,0.054514375,0.054514375,1.064,1.168,51.166666666666664,3.0,0
349,Keita Bates-Diop,0.017254514705882355,0.03997542542016807,1.107,1.1440000000000001,28.21276595744681,5.0,0
350,Bennedict Mathurin,0.05085352941176471,0.05085352941176471,1.14,1.165,56.42372881355932,1.0,0
351,Nassir Little,0.04595588235294118,0.04595588235294118,1.06,1.111,26.41176470588235,4.0,0
352,Danuel House Jr.,0.03169301470588235,0.03169301470588235,1.0979999999999999,1.085,31.676470588235293,7.0,0
353,Damian Jones,0.019019595588235294,0.028345263655462187,0.992,1.145,11.96,7.0,0
354,Ousmane Dieng,0.03528264705882353,0.03528264705882353,1.1,1.079,23.275862068965516,1.0,0
356,Justin Holiday,0.014850779411764705,0.01967404831932773,1.141,1.121,30.13157894736842,10.0,1
357,Chimezie Metu,0.014850779411764705,0.024014570378151263,1.113,1.1340000000000001,25.513513513513512,5.0,0
358,Josh Richardson,0.021260786764705882,0.025591839285714287,1.084,1.124,52.72093023255814,8.0,1
359,Jordan Hawkins,0.03169235294117647,0.03169235294117647,1.1320000000000001,1.141,41.2,0.0,0
360,Cedi Osman,0.04940325,0.04940325,1.068,1.203,38.45161290322581,6.0,0
361,Otto Porter Jr.,0.04632352941176471,0.04632352941176471,1.103,1.092,25.066666666666666,10.0,0
362,Kris Murray,0.02093735294117647,0.02995678466386554,1.067,1.0979999999999999,33.1,0.0,0
363,Josh Minott,0.012646058823529411,0.038159809873949575,1.034,1.021,6.9523809523809526,1.0,0
364,Thomas Bryant,0.018589948529411766,0.033223742647058824,1.094,1.146,21.076923076923077,6.0,0
365,Kobe Bufkin,0.030105,0.032456851890756304,1.061,1.0190000000000001,21.333333333333332,0.0,0
366,James Wiseman,0.0891135294117647,0.0891135294117647,1.068,1.182,31.166666666666668,2.0,0
367,Wesley Matthews,0.014850779411764705,0.03410240021008403,1.074,1.145,23.59090909090909,14.0,0
368,Taylor Hendricks,0.04095529411764706,0.04095529411764706,1.1079999999999999,1.136,37.391304347826086,0.0,0
369,Ochai Agbaji,0.030251470588235293,0.03281396218487395,1.101,1.166,40.34426229508197,1.0,0
370,Svi Mykhailiuk,0.014850779411764705,0.021259469537815125,1.131,1.063,16.576923076923077,5.0,1
371,Noah Clowney,0.022717058823529413,0.022717058823529413,1.1159999999999999,1.294,21.285714285714285,0.0,0
372,Bones Hyland,0.016958823529411766,0.027833170168067228,1.079,1.135,27.954545454545453,2.0,0
373,Rayan Rupert,0.008232080882352942,0.0338066218487395,1.023,1.1179999999999999,17.36842105263158,0.0,0
374,Dru Smith,0.013248301470588236,0.033479349789915964,0.98,1.104,30.11111111111111,1.0,0
375,Richaun Holmes,0.08857367647058824,0.08857367647058824,1.078,1.139,22.548387096774192,8.0,0
376,Monte Morris,0.07206563235294118,0.07206563235294118,1.102,1.041,30.375,6.0,0
377,Jalen Pickett,0.012559875,0.03353262394957983,1.055,1.115,10.9,0.0,0
378,Tosan Evbuomwan,0.0009935294117647058,0.03409559768907563,1.01,1.179,30.333333333333332,0.0,0
379,Julian Strawther,0.01787558823529412,0.03588549264705882,1.057,1.175,26.923076923076923,0.0,0
380,Troy Brown Jr.,0.029411764705882353,0.030113806722689075,1.105,1.122,24.348837209302324,5.0,0
382,Doug McDermott,0.10110294117647059,0.10110294117647059,1.085,1.2,32.0,9.0,0
383,Zeke Nnaji,0.031663830882352945,0.038469654411764705,1.011,1.155,19.97872340425532,3.0,0
384,Jake LaRavia,0.023528823529411765,0.037123267857142865,0.9640000000000001,1.077,30.88235294117647,1.0,0
385,Jaden Springer,0.016369411764705882,0.04569709138655463,1.0959999999999999,1.148,22.27027027027027,2.0,0
386,Patty Mills,0.05002169117647059,0.05002169117647059,1.082,1.1340000000000001,22.789473684210527,14.0,0
387,David Roddy,0.019987058823529413,0.030973489495798322,1.033,1.133,44.388888888888886,1.0,0
388,Gabe Vincent,0.07720588235294118,0.07720588235294118,1.008,1.034,53.8,4.0,0
389,Dalano Banton,0.014850779411764705,0.04050483403361345,1.084,1.139,21.12121212121212,2.0,0
390,Terry Taylor,0.014850779411764705,0.03548041806722689,1.0859999999999999,1.081,14.608695652173912,2.0,0
391,Maxi Kleber,0.08088235294117647,0.08088235294117647,1.167,1.138,46.68,6.0,0
392,Mike Muscala,0.025735294117647058,0.028934553571428573,1.0859999999999999,1.157,29.342105263157894,10.0,1
393,Garrett Temple,0.014850779411764705,0.02883811449579832,1.044,1.157,9.625,13.0,1
394,Chuma Okeke,0.03872583088235294,0.03872583088235294,1.031,1.072,21.43243243243243,3.0,0
395,Max Christie,0.012646058823529411,0.019817977941176474,1.111,1.11,35.53061224489796,1.0,0
396,Jericho Sims,0.014175705882352941,0.01824234768907563,1.0759999999999998,1.112,25.857142857142858,2.0,1
397,Blake Wesley,0.018416470588235295,0.018416470588235295,1.074,1.1520000000000001,28.4390243902439,1.0,0
398,Kessler Edwards,0.014175705882352941,0.014831626050420167,1.041,1.061,10.384615384615385,2.0,1
399,Garrison Mathews,0.014705882352941176,0.014705882352941176,1.1,1.141,27.4,4.0,1
400,Cory Joseph,0.014850779411764705,0.016244260504201684,1.1540000000000001,1.172,24.346153846153847,12.0,1
401,Robin Lopez,0.014850779411764705,0.019254481092436975,1.018,1.14,8.9375,15.0,1
402,Andre Jackson Jr.,0.008232080882352942,0.02712840231092437,1.157,1.197,22.72340425531915,0.0,0
403,Malachi Flynn,0.028478125,0.028478125,1.057,1.124,24.173076923076923,3.0,0
404,Furkan Korkmaz,0.039488014705882354,0.039488014705882354,1.163,1.114,18.65714285714286,6.0,0
405,Pat Connaughton,0.0692931544117647,0.0692931544117647,1.156,1.169,45.92857142857143,8.0,0
406,MarJon Beauchamp,0.019186764705882355,0.039381621848739494,1.139,1.138,28.613636363636363,1.0,0
407,Bilal Coulibaly,0.048634411764705884,0.048634411764705884,1.065,1.165,57.771929824561404,0.0,0
408,Gradey Dick,0.03335823529411765,0.041111714285714286,1.063,1.163,35.24390243902439,0.0,0
409,Davion Mitchell,0.03723264705882353,0.03723264705882353,1.092,1.151,28.34,2.0,0
410,Scoot Henderson,0.07184470588235294,0.07184470588235294,1.064,1.1840000000000002,55.97674418604651,0.0,0
411,Chris Livingston,0.008232080882352942,0.024376114495798323,1.179,1.205,9.3125,0.0,0
412,Brandon Boston Jr.,0.01350070588235294,0.021539324579831935,1.041,1.208,14.421052631578947,2.0,0
417,JT Thor,0.01350070588235294,0.022042382352941176,1.068,1.12,26.5531914893617,2.0,0
418,P.J. Tucker,0.08098897058823529,0.08098897058823529,1.097,1.101,31.0,12.0,0
419,Yuta Watanabe,0.017254514705882355,0.027025606092436975,1.068,1.1520000000000001,28.5,5.0,0
420,Malaki Branham,0.02258735294117647,0.02873464390756303,1.064,1.185,44.49122807017544,1.0,0
421,Shake Milton,0.03676470588235294,0.03676470588235294,1.057,1.105,28.714285714285715,5.0,0
422,Colby Jones,0.014850779411764705,0.020695866596638655,1.105,1.0979999999999999,14.588235294117647,0.0,0
423,Luka Šamanić,0.01519547794117647,0.020352475840336136,1.089,1.097,14.033333333333333,3.0,0
424,Olivier-Maxence Prosper,0.020100882352941177,0.02313633718487395,1.069,1.155,17.363636363636363,0.0,0
425,Nick Smith Jr.,0.01811735294117647,0.03881760924369748,1.002,1.168,31.37837837837838,0.0,0
426,Thanasis Antetokounmpo,0.014850779411764705,0.03862474159663865,1.04,1.126,10.038461538461538,5.0,0
427,Kira Lewis Jr.,0.04207438235294118,0.04207438235294118,1.0070000000000001,1.036,17.36842105263158,3.0,0
428,Joe Harris,0.14653361029411766,0.14653361029411766,1.074,1.208,23.1875,9.0,0
429,Isaiah Livers,0.01350070588235294,0.03822280987394959,1.061,1.2409999999999999,43.95652173913044,2.0,0
430,Markieff Morris,0.014850779411764705,0.03778194222689076,1.0490000000000002,1.165,19.11111111111111,12.0,0
431,Kobe Brown,0.017745,0.03703353571428573,1.123,1.188,17.87878787878788,0.0,0
432,Brice Sensabaugh,0.018004411764705883,0.018723414915966387,1.156,1.216,19.75,0.0,0
433,Julian Phillips,0.011764705882352941,0.01941799474789916,1.1320000000000001,1.138,15.542857142857143,0.0,0
434,Aleksej Pokusevski,0.036835536764705884,0.036835536764705884,1.088,1.1340000000000001,12.8,3.0,0
450,Taj Gibson,0.018362764705882353,0.022078008403361344,1.046,1.114,21.5625,14.0,1
451,Omer Yurtseven,0.020588235294117647,0.024760218487394955,1.037,1.166,19.181818181818183,2.0,0
452,Jalen McDaniels,0.033205882352941175,0.033205882352941175,1.032,1.109,18.228571428571428,4.0,0
453,AJ Griffin,0.027300882352941175,0.027300882352941175,1.115,1.2,16.555555555555557,1.0,0
454,Johnny Davis,0.037138235294117646,0.037138235294117646,1.024,1.1,21.666666666666668,1.0,0
456,Maxwell Lewis,0.008232080882352942,0.02293827794117647,0.785,1.119,7.857142857142857,0.0,0
457,Jalen Hood-Schifino,0.027169411764705883,0.027169411764705883,0.914,1.149,11.65,0.0,0
