,PLAYER,TEAM,AGE,GP,W,L,MIN,OFFRTG,DEFRTG,NETRTG,AST%,AST/TO,AST RATIO,OREB%,DREB%,REB%,TO RATIO,EFG%,TS%,USG%,PACE,PIE,POSS
1,Austin Reaves,LAL,25,63,34,29,31.4,114.2,116.5,-2.3,24.7,2.6,27.7,2.2,10.4,6.4,10.6,57.3,62.1,19.7,101.8,10.8,4203
1,Buddy Hield,PHI,31,63,34,29,27,119.2,118.1,1.1,14.6,2.44,20.8,2.3,9.9,6,8.5,57.5,58.6,18.2,102.96,8.2,3652
1,Obi Toppin,IND,26,63,35,28,22,119.9,117.9,2,8.6,1.78,15,4.8,12.8,8.8,8.4,65.1,66.6,15.8,105.33,9.3,3042
4,Bobby Portis,MIL,29,62,41,21,24,117.9,117,0.9,7.2,1.25,8.8,6.9,22.5,14.7,7,55.4,57.6,21.6,101.42,11.4,3141
4,Cedi Osman,SAS,28,62,13,49,17.6,106.6,120.3,-13.6,13.4,2.55,21.4,1.9,12.1,6.8,8.4,58.2,59.3,14.7,104.51,7.7,2384
4,Christian Braun,DEN,22,62,42,20,19.2,108.3,110.8,-2.5,9.8,2.07,16.3,4.3,12.9,8.6,7.9,49.4,53,15.3,99.08,7.8,2450
4,Collin Sexton,UTA,25,62,28,34,25.1,118,118.4,-0.5,28.1,2.39,21.9,3.2,6.5,4.8,9.2,55.2,61.5,26.6,102.7,12.4,3331
4,Dennis Schroder,BKN,30,62,23,39,30.2,113.7,115.8,-2.1,27.6,3.44,30.1,1.4,7.7,4.5,8.7,51.2,55.3,19.7,99.2,9.3,3871
4,Jeremy Sochan,SAS,20,62,13,49,29.5,107.4,115.7,-8.3,16.5,1.85,21,6,14.4,10.1,11.4,48.8,51.8,18.2,102.23,8,3893
4,Jonas Valanciunas,NOP,31,62,37,25,25.2,119.4,113.4,6,12.3,1.59,15.5,10.7,27,19.1,9.7,59.8,63.3,20.5,98.93,14,3210
4,Mikal Bridges,BKN,27,62,25,37,35.2,112.4,114.5,-2.1,16.2,1.74,15.1,2.2,11.2,6.6,8.7,51.9,56.2,24.9,99.06,10.9,4505
4,Naz Reid,MIN,24,62,43,19,23,111.3,103.4,7.8,7.3,0.88,8.6,4.3,15.6,10.2,9.8,58,59.9,21,100.36,11.3,2986
4,Nickeil Alexander-Walker,MIN,25,62,43,19,23,111.9,105.5,6.4,15.4,2.74,25.9,1.8,6.4,4.2,9.5,54.8,56.5,13.6,100.38,6.7,2982
4,Reggie Jackson,DEN,33,62,42,20,22.7,112.5,111.8,0.7,23.8,3,25.9,1.6,6.8,4.3,8.6,51.1,53,20.2,99.5,8.4,2928
15,Andre Drummond,CHI,30,61,29,32,17.3,113.5,113.7,-0.2,4.4,0.45,5.5,18.7,32.2,25.2,12.2,55.2,56.8,20.3,97.66,15.3,2144
15,Ausar Thompson,DET,21,61,9,52,25.1,107.6,113.3,-5.7,11,1.44,16.5,7.6,17.5,12.4,11.4,50.9,52.6,16.1,101.61,8.5,3212
15,Cason Wallace,OKC,20,61,42,19,20.5,115.2,110.8,4.4,8.5,3.07,19,3.3,7.6,5.6,6.2,61.6,62.7,12.1,101.73,7,2642
15,Chet Holmgren,OKC,21,61,42,19,30.2,118.5,110.3,8.2,12.1,1.64,15.3,5.7,18.5,12.5,9.3,61.3,64.3,20.9,102.87,13.4,3924
15,Coby White,CHI,24,61,29,32,36.7,114.6,115,-0.4,21.3,2.41,21.8,1.5,11.5,6.5,9,54.7,58.3,22.4,97.3,10.6,4544
15,Cole Anthony,ORL,23,61,36,25,22.9,112,110.3,1.7,20.7,1.83,19.9,3.7,14.1,8.9,10.8,48.9,54.5,23.3,97.91,10.8,2857
15,Donte DiVincenzo,NYK,27,61,36,25,26.2,117.3,115.8,1.5,14.2,1.97,16,2.9,10.2,6.5,8.1,58.7,59.7,21.1,98.44,9.9,3271
15,Georges Niang,CLE,30,61,40,21,21.3,114.2,112.4,1.9,7.4,1.49,12,1.5,14.4,8.1,8,54.1,55.8,17.1,99.13,6.7,2689
15,Jalen Green,HOU,22,61,27,34,30.7,111.5,113.5,-2,16.7,1.52,14.7,1.3,13.8,7.5,9.6,47.8,52.5,26.8,100.29,10.6,3924
15,Josh Hart,NYK,29,61,35,26,31.4,116.4,112,4.4,15.2,2.65,26.6,4.3,19.9,11.9,10.1,49.3,51.8,13.2,96.67,9.4,3857
15,Michael Porter Jr.,DEN,25,61,42,19,31.9,119.8,112.1,7.7,6.2,1.3,9,4.3,18,11.2,6.9,58.4,59.8,20,97.84,10.5,3982
15,Ochai Agbaji,TOR,23,61,29,32,19.1,111,116.5,-5.5,6.3,1.31,13.2,3.7,8.4,6.1,10.1,50.5,51.8,12.8,101.65,4.9,2461
15,Pascal Siakam,IND,29,61,26,35,34,117,116.7,0.3,20.2,2.5,19.4,4.6,15,9.7,7.8,57.1,60.3,24.4,100.64,12.8,4345
15,Paul Reed,PHI,24,61,35,26,18.3,117.2,114.8,2.4,9.2,1.77,16.5,11.3,19.5,15.1,9.3,57.1,58.8,14.6,98.75,9.8,2289
15,Payton Pritchard,BOS,26,61,48,13,20.4,120.5,109,11.5,17.9,4.02,26.3,4.1,10.8,7.5,6.5,56.9,58.3,15.7,97.84,9.4,2523
15,Tyus Jones,WAS,27,61,9,52,29.2,110.9,122.5,-11.6,32.5,7.49,38.8,1,8.1,4.5,5.2,57.6,58.5,16.1,104.61,11.3,3882
31,Alperen Sengun,HOU,21,60,27,33,32.4,113.7,113,0.6,24.5,1.84,19,8.4,19,13.7,10.3,55.6,59,27.1,99.36,15,4027
31,Domantas Sabonis,SAC,27,60,34,26,35.7,116.9,117.2,-0.4,33.7,2.57,31.2,9.5,29.2,19,12.1,62.5,64.8,21.9,100.33,16.8,4482
31,Harrison Barnes,SAC,31,60,34,26,29.5,115,117.7,-2.8,5,1.66,10,2.6,7.5,4.9,6,59.3,62.6,14.6,101.46,7,3741
31,Josh Giddey,OKC,21,60,42,18,24.6,119,112.2,6.8,23,2.19,25.5,5.6,17.7,12,11.6,49.6,52.1,21.8,102.55,11.1,3156
31,Karl-Anthony Towns,MIN,28,60,41,19,32.8,116.5,108.5,8,14.3,1.06,12.8,5,20.5,13.2,12.1,57.8,62.8,26.9,98.41,14.2,4045
31,Kelly Olynyk,TOR,32,60,29,31,20.6,111.6,117.5,-5.9,28.2,2.68,34.4,6.3,16.9,11.7,12.8,60.3,65.5,16,102.23,11.9,2634
31,Kevon Looney,GSW,28,60,32,28,17.1,114.7,117.1,-2.4,15.8,2.77,31.4,11.6,22.4,17,11.3,59.1,61.5,10.6,100.18,9.9,2145
31,Kyle Anderson,MIN,30,60,42,18,22,109.3,105.1,4.2,26.2,3.25,36,3.4,12,7.8,11.1,48.2,52.6,13.7,101.36,9.8,2780
31,Malik Beasley,MIL,27,60,39,21,29.5,119.4,110.6,8.8,6.1,2.07,12.7,2.1,9.9,6.2,6.1,62.8,63,13.8,102.96,7,3795
31,Max Strus,CLE,27,60,39,21,32.2,114.4,107.8,6.6,15.8,2.53,23.2,2.7,11.3,7.1,9.2,52.5,54.4,16.7,99.98,7.9,4021
31,Moritz Wagner,ORL,26,60,35,25,18.4,113.7,111.3,2.3,10.6,1.01,11.3,8.7,16.9,12.8,11.2,62.5,66.7,21.9,99.47,13.7,2289
31,Nikola Jokic,DEN,29,60,41,19,34.2,121.9,111.5,10.4,40.7,3.07,28.5,8.9,27.3,18.4,9.3,60.9,64.8,28.9,98.2,21.2,4204
31,Paolo Banchero,ORL,21,60,35,25,34.8,112.5,113,-0.6,24.4,1.68,17.8,3.2,17.3,10.1,10.5,50.4,54.9,29.3,98.66,13.4,4288
31,Peyton Watson,DEN,21,60,41,19,18.2,109.5,110.8,-1.4,7.9,1.38,13.1,3.6,11,7.5,9.5,52.6,55,16.1,99.11,7.4,2243
31,Rudy Gobert,MIN,31,60,42,18,33.8,115.2,106.5,8.8,5.2,0.79,9.3,11.5,25.7,19.1,11.7,65.2,67,15.4,97.16,13.5,4101
31,Saddiq Bey,ATL,24,60,26,34,32.6,119,119.7,-0.7,5.8,1.8,10,7.5,11.8,9.6,5.6,50.2,55.4,16.1,102.52,7.9,4183
31,Sam Hauser,BOS,26,60,48,12,21,119.3,106.8,12.5,5.9,1.96,12.1,2.7,12.1,7.5,6.2,62.6,63.4,13.4,99.32,8,2599
31,Scottie Barnes,TOR,22,60,22,38,34.9,112.6,115.8,-3.2,25.3,2.2,23.1,6.4,16.7,11.5,10.5,52.8,56.6,24,101.17,13.2,4413
31,Shai Gilgeous-Alexander,OKC,25,60,42,18,34.4,121.6,110.6,11,30,3.02,20,2.6,12.8,8,6.6,57.8,64.7,31.7,102.43,19.5,4408
31,Simone Fontecchio,DET,28,60,26,34,24.1,113.9,116.1,-2.2,8.7,1.55,14.2,3.8,10.2,7,9.2,57.7,59.3,15.8,102.19,7.3,3083
31,Taurean Prince,LAL,29,60,32,28,29,113.7,117.2,-3.5,7.4,1.84,15.8,0.8,9,5,8.6,55.8,57.1,13.1,102.11,5.2,3703
52,Anthony Davis,LAL,30,59,33,26,35.7,116,115.4,0.6,15.5,1.79,14.1,8.8,24.5,17,7.9,56.8,62.2,26.1,102.04,16.7,4481
52,Anthony Edwards,MIN,22,59,41,18,34.9,117.5,107.5,10.1,23.6,1.61,16.7,1.6,12.6,7.5,10.4,53,58.5,31.4,98.28,14.6,4218
52,Ayo Dosunmu,CHI,24,59,29,30,27,111,113.6,-2.6,14.4,2.27,21,2.5,7.4,4.9,9.2,58.4,60.2,16,98.3,8.1,3258
52,Bennedict Mathurin,IND,21,59,33,26,26.1,115,117.9,-2.9,10.5,1.23,12.2,3.8,11.3,7.5,10,50.7,56.2,22.6,103.79,8.7,3329
52,Bogdan Bogdanovic,ATL,31,59,26,33,29.3,117.9,115.8,2.1,13.5,2.21,15.1,1.9,9.3,5.4,6.8,53.4,56.3,21.8,102.57,8.9,3712
52,Brook Lopez,MIL,35,59,40,19,31.2,118,110,8,7.2,1.85,12.8,4.7,11.2,8.1,6.9,57,59.5,15.3,103.28,8.5,3966
52,Corey Kispert,WAS,25,59,9,50,22.7,107.8,120.2,-12.3,11.3,1.5,13.5,1.3,9.4,5.3,9,59,61.2,19.8,104.78,8.4,2935
52,DeMar DeRozan,CHI,34,59,28,31,37.8,112.3,114.5,-2.2,21.9,3.63,20,1.6,9.4,5.4,5.5,49.9,57.8,24,98.07,12.4,4558
52,Giannis Antetokounmpo,MIL,29,59,39,20,34.9,120.6,112.8,7.8,30.3,1.86,19.1,7.4,23.5,15.7,10.2,63.3,65.7,32,102.92,19.9,4410
52,Jeff Green,HOU,37,59,26,33,16.4,107.7,112,-4.3,7.8,1.27,13.2,3.3,9,6.1,10.4,52.3,59.4,14.4,101.07,7,2034
52,Jonathan Kuminga,GSW,21,59,31,28,25.6,114.8,111.7,3.1,12,1.31,12.5,5,12.5,8.9,9.5,55.9,59.6,23.5,102.45,10.9,3231
52,Jordan Poole,WAS,24,59,9,50,29.3,109.8,121,-11.3,17.7,1.66,17.1,1.1,7,4,10.3,47.9,52,25.2,105.53,6.5,3802
52,Kyle Kuzma,WAS,28,59,9,50,32,109.8,121.9,-12.1,19.7,1.55,15.2,3,16.6,9.7,9.8,52.2,54.7,29.8,104.1,11.3,4082
52,Luguentz Dort,OKC,24,59,40,19,28.4,120.2,112.1,8.1,5.6,1.51,11.6,3.9,8.9,6.5,7.7,56,59.2,15,102.06,5.9,3551
52,Malik Monk,SAC,26,59,34,25,26,114.9,116.4,-1.6,29.6,2.49,25.4,1.3,9.7,5.4,10.2,54,57.5,24.3,101.99,11.1,3265
52,Myles Turner,IND,27,59,33,26,27.3,121.5,117.4,4.2,6.2,0.86,7.7,6,20,13.1,8.9,58,62.3,23.3,102.93,11.3,3454
52,Norman Powell,LAC,30,59,38,21,25.7,117.6,112.4,5.2,5.9,1.21,8.4,0.7,8.9,4.9,7,60.4,63.1,19,100.98,8.8,3194
52,Royce O'Neale,PHX,30,59,25,34,25.2,112.6,111,1.5,15.7,2.92,26.1,2.9,15,8.9,9,53.8,54.5,13.5,101.21,8,3136
52,Tim Hardaway Jr.,DAL,31,59,33,26,28.8,116.8,118,-1.2,8.3,1.72,9.6,1.1,10.8,5.9,5.6,51.7,55.2,22.6,102.17,8.5,3629
71,Aaron Holiday,HOU,27,58,26,32,16.9,109,107,2,15.5,2.33,22,1.5,8,4.7,9.4,55.9,58.6,15.5,102.27,7.9,2086
71,Aaron Wiggins,OKC,25,58,41,17,14.5,115.4,109.4,6,8.4,1.42,14.4,5.3,10.2,7.9,10.1,66.4,68.1,15.7,100.79,9.5,1743
71,D'Angelo Russell,LAL,28,58,34,24,31.7,115.8,114.4,1.5,26.7,3.18,27,1.2,7.7,4.6,8.5,56.6,59.1,22.4,102.87,10.5,3957
71,Dario Saric,GSW,29,58,31,27,18.3,114.4,115.6,-1.3,18.6,1.93,22.1,6.4,19.3,12.7,11.5,56.2,60,19,99.97,11.2,2212
71,Dejounte Murray,ATL,27,58,25,33,35,116.8,120.2,-3.5,24.1,2.47,20.8,1.9,13.2,7.3,8.4,52.8,55.9,24.7,102.45,11.9,4337
71,Deni Avdija,WAS,23,58,9,49,28.5,109.9,117.9,-8,17.8,1.82,22,3.7,18.9,11.3,12.1,56.3,59.9,19.2,105.75,10.5,3635
71,Grant Williams,CHA,25,58,29,29,27,112.3,115.6,-3.4,9.2,1.41,16.6,3.9,10.6,7.2,11.8,55,57.9,14.5,100.44,5.6,3281
71,Jayson Tatum,BOS,26,58,46,12,35.7,121.4,109.5,11.9,20.5,1.93,16.4,2.4,19.5,11.4,8.5,55.7,60.9,29.3,99.4,15.9,4298
71,Jevon Carter,CHI,28,58,28,30,13.5,108.9,108.3,0.6,12.2,2.27,17.3,0.8,5.1,2.8,7.6,47.3,47.4,17.4,98.91,5,1611
71,John Collins,UTA,26,58,26,32,28.1,114.2,121.5,-7.2,6.3,0.81,8.3,7.9,22.2,14.9,10.2,57.9,60.7,19.3,101.64,10.6,3449
71,Jusuf Nurkic,PHX,29,58,36,22,27.2,121.5,111.6,9.8,17.9,1.72,23.2,10.9,27.8,19.8,13.5,53.6,56.9,19.5,100.45,12.3,3309
71,Keldon Johnson,SAS,24,58,13,45,29.6,108.6,117,-8.4,14.8,1.97,16,4.3,13.4,8.7,8.1,51.9,55.6,21.7,103.71,9.6,3708
71,Kevin Huerter,SAC,25,58,33,25,25.3,118.1,116,2.1,13.5,3.1,20.2,2.4,12.5,7.4,6.5,56.4,57.5,17.5,100.8,8,3077
71,Russell Westbrook,LAC,35,58,38,20,22.6,116.5,113.7,2.9,27.6,2.17,25.5,6.1,15.5,11,11.8,48.4,51.1,23.6,102.41,11.1,2793
71,Toumani Camara,POR,23,58,17,41,23.9,106.4,111.1,-4.7,6.4,0.88,11.7,7.2,13,9.9,13.2,49.7,52.7,13.7,99.57,6.2,2864
86,Bilal Coulibaly,WAS,19,57,9,48,26.8,107.1,118.6,-11.5,8.5,1.23,16.2,3.1,11.5,7.2,13.2,51.3,54.4,13.7,103.65,5.6,3293
86,Cameron Payne,PHI,29,57,34,23,15.7,114.8,114.7,0.1,21,3.41,27.3,1,7.3,4.1,8,55.8,58.9,17.3,101.95,8.3,1908
86,Damian Lillard,MIL,33,57,41,16,34.9,120.5,111.6,8.9,27.1,2.56,22.5,1.5,10.1,6,8.8,50.8,59.3,27.5,103.21,13.3,4276
86,Derrick Jones Jr.,DAL,27,57,31,26,24,114.3,116.2,-1.9,5.3,1.08,10.4,4.4,9.7,7.1,9.6,57.9,60.3,14.6,102.16,7,2913
86,Derrick White,BOS,29,57,46,11,32.1,122.7,108.6,14.1,20.1,3.09,26.2,2.1,9.3,5.9,8.5,58.6,62,18.5,100.82,10.7,3842
86,Devin Vassell,SAS,23,57,13,44,32.2,108.3,114.8,-6.5,18.6,2.51,17.7,1.4,10.3,5.8,7.1,54.9,57.7,23.1,102.88,11.3,3938
86,Gary Trent Jr.,TOR,25,57,22,35,26.9,114.5,117.1,-2.6,7.5,2.3,11.5,1,7.8,4.3,5,53.4,54.4,17.8,100.33,6.7,3208
86,Herbert Jones,NOP,25,57,35,22,29.3,117.2,110.2,7,10.8,2.09,19.7,3.8,8.4,6.1,9.4,61.4,65,14.5,99.87,8.1,3467
86,Immanuel Quickley,TOR,24,57,26,31,28.2,114.8,114,0.8,21.4,3.35,21.5,0.8,11.2,6,6.4,53.3,57.5,22.7,99.99,11.2,3352
86,Isaiah Joe,OKC,24,57,39,18,18.5,118.3,107.5,10.8,7.9,1.8,13.5,2.1,9.8,6,7.5,61.9,63.5,15.6,103.98,8.9,2300
86,Jaden Ivey,DET,22,57,9,48,27.9,112.6,119.5,-7,18.6,1.55,18.5,4.3,8.3,6.3,11.9,50.3,54.8,23.9,101.74,7.7,3378
86,Jalen Brunson,NYK,27,57,35,22,35.4,120.6,114.6,6,30.1,2.63,20.8,1.5,9,5.2,7.9,54.2,59.2,29.5,97.39,14.6,4106
86,Jalen Suggs,ORL,22,57,32,25,26.5,111.4,112.5,-1.1,13.8,1.33,17.2,2.5,10.1,6.2,12.9,56.5,58.7,19.4,100.28,8.1,3156
86,Klay Thompson,GSW,34,57,29,28,29.9,115.4,117.9,-2.5,10.4,1.43,11.7,1.5,9.8,5.7,8.2,53.5,56.2,22.6,102.03,8.3,3632
86,Malaki Branham,SAS,20,57,11,46,20.6,107.2,119.5,-12.3,15.3,1.97,19.1,1.6,8,4.7,9.7,50.4,52.5,18.7,103.82,6.5,2536
86,Matisse Thybulle,POR,27,57,16,41,23.2,108.2,115.2,-7,7.5,2.15,18.4,1.7,6.9,4.2,8.6,50.7,52.1,10.3,99.71,5.5,2748
86,Mike Conley,MIN,36,57,41,16,28.8,114.4,106.5,7.8,30.1,5.3,39.1,1.6,8.2,5.1,7.4,58.6,61.7,14.7,97.46,11.6,3342
86,Patrick Beverley,MIL,35,57,35,22,19.4,109.5,110.9,-1.5,22.3,2.96,30.5,3.4,12.1,7.8,10.3,50.3,54.3,14.8,98.9,9.1,2268
86,Spencer Dinwiddie,LAL,30,57,25,32,29.6,116.2,115.1,1.1,25.2,4.44,31.7,1.5,7.9,4.7,7.1,47.6,52.5,17.3,99.54,8.3,3501
86,Stephen Curry,GSW,35,57,32,25,32.9,117.5,116.9,0.6,23.5,1.66,16.9,1.5,11.1,6.3,10.2,57.5,62,30.5,102.41,13.9,4022
86,Tre Jones,SAS,24,57,12,45,26.3,111,113.6,-2.6,29.3,4.06,37.9,2.5,9.4,6,9.3,55.4,59.1,15,103.44,10.6,3240
107,Aaron Gordon,DEN,28,56,37,19,31.6,119.4,111.3,8,13.3,2.2,19.9,7.8,13,10.4,9.1,57.9,60.1,17.5,98.38,10.1,3632
107,Anthony Black,ORL,20,56,31,25,18.4,108.1,108.4,-0.4,11.2,1.68,22,2.9,9.8,6.3,13.1,54.7,57.1,12.1,100.58,5.7,2159
107,Brandon Ingram,NOP,26,56,33,23,33.2,117.6,112.2,5.4,26.1,2.21,21.5,2.2,12.9,7.6,9.7,53.5,58.1,27.4,99.22,12.9,3838
107,Drew Eubanks,PHX,27,56,30,26,15.9,107.2,111.7,-4.6,8.6,0.96,14.9,8.4,17.1,12.9,15.5,63.2,66.8,13.5,100.17,10.6,1852
107,Duncan Robinson,MIA,29,56,33,23,28.2,113.3,110.6,2.7,16,2.24,20.1,0.8,8,4.4,9,59.3,61.8,18.5,98.12,8.7,3236
107,Grayson Allen,PHX,28,56,33,23,33.4,119.1,114.8,4.3,12,2.42,22.5,2.1,9.2,5.9,9.3,64.6,67.9,13.7,100.54,8.4,3916
107,Isaiah Hartenstein,NYK,25,56,34,22,25.1,118.8,112.2,6.6,11,1.86,24.9,12.9,20,16.5,13.4,60.6,64,10.8,98.99,10.2,2903
107,Jabari Smith Jr.,HOU,20,56,26,30,32,111.2,113.2,-2,6.5,1.22,10.1,5.9,19.7,12.7,8.3,52.5,55.9,17,99.85,9.8,3733
107,Jabari Walker,POR,21,56,16,40,22.2,109,116.9,-7.9,5.7,0.91,9.1,8.5,21.1,14.4,10,50.4,55.1,16.1,98.51,9.2,2544
107,Jarrett Allen,CLE,25,56,38,18,31.3,116.1,109.1,7,12.7,1.65,16.6,10.8,22.1,16.5,10.1,63.1,66,18.7,99.55,14.7,3623
107,Jaylen Brown,BOS,27,56,43,13,33.3,120.8,111.1,9.7,17.1,1.58,14.8,3.3,11.8,7.9,9.4,55.9,58.3,27.6,100.63,11.5,3902
107,Jrue Holiday,BOS,33,56,44,12,33.1,120.7,110.7,10,19.5,2.61,27.8,4,11.9,8.2,10.7,58.1,59.9,16.4,99.31,10,3827
107,Keegan Murray,SAC,23,56,32,24,33,117.1,115.2,1.9,6.6,1.84,10.5,3.7,12.8,8.1,5.7,55.7,57.8,17.8,100.5,8.1,3867
107,Kentavious Caldwell-Pope,DEN,31,56,39,17,31.8,122.1,111,11,8.9,2.51,20.1,1.5,6,3.8,8,54.3,58.8,12.8,98.07,6.1,3646
107,Keyonte George,UTA,20,56,24,32,25.4,110.6,117.5,-6.9,25.3,2.1,25.1,1,9.6,5.3,11.9,49.1,53.9,21.3,101.54,8.6,3012
107,Nikola Vucevic,CHI,33,56,27,29,34.5,111.8,114.5,-2.7,15.4,2.14,15.4,8.2,23,15.5,7.2,50.7,52.6,23.3,97.57,12.4,3933
107,Pat Connaughton,MIL,31,56,37,19,21.4,117,116.9,0.1,11.1,2.94,26.9,2.9,12.1,7.5,9.1,58.6,60.1,10,102.69,6.6,2572
107,Victor Wembanyama,SAS,20,56,13,43,28.7,107.7,112.2,-4.5,19.4,0.99,13.7,7.3,27.2,17.3,13.9,52.2,56.9,30.7,103.99,16,3489
125,Brandon Miller,CHA,21,55,13,42,32,109.3,118.2,-8.9,11.2,1.3,12.2,2.6,10.7,6.5,9.4,52.3,54.9,22.9,99.04,8,3631
125,Daniel Gafford,DAL,25,55,14,41,24.8,112.7,119.3,-6.6,7.3,1.4,14.2,11,18.5,14.8,10.1,68.9,70.5,14.2,104.55,11.1,2966
125,Jaden Hardy,DAL,21,55,30,25,14.6,109,113.8,-4.8,16.6,2.15,16,1.8,10.5,6.1,7.4,49.5,51.4,23.2,103.45,8.2,1733
125,Jaime Jaquez Jr.,MIA,23,55,34,21,29.5,113.1,112.2,1,13.2,1.58,16.9,4.3,9,6.7,10.7,53.7,57.5,18.5,98.58,8.3,3326
125,Jalen Williams,OKC,22,55,37,18,32,118.1,110.4,7.7,19.7,2.69,21.1,1.7,10.2,6.2,7.8,59.3,62.3,22.6,102.96,11.9,3759
125,James Harden,LAC,34,55,36,19,34.6,121.5,113.6,7.9,32.5,3.19,34,1.4,13.1,7.6,10.7,56.9,63.8,20.3,97.43,13.5,3864
125,Jordan Hawkins,NOP,21,55,33,22,19.5,113.5,114.7,-1.1,8.6,1.71,11.6,2.5,10.2,6.3,6.8,51.2,54.4,19.1,100.64,7.1,2266
125,Kawhi Leonard,LAC,32,55,36,19,34.4,118.8,110.5,8.3,16.8,2.16,15.1,3.7,13.9,9,7,58.5,62.6,25.9,98.56,15.6,3892
125,Kevin Durant,PHX,35,55,31,24,37.3,118.6,113.8,4.8,23.2,1.68,17.9,1.6,15.4,9,10.7,58,63,28.6,100.94,15.4,4316
125,LeBron James,LAL,39,55,30,25,35,116.1,113.7,2.4,34.7,2.46,25.2,2.6,16.8,10.1,10.3,58.7,61.5,28.5,101.4,16.4,4070
125,Paul George,LAC,33,55,36,19,33.8,121.5,111.9,9.7,15.5,1.74,14.8,1.7,14,8.1,8.5,55.3,59.2,26.3,98.29,12,3810
125,Precious Achiuwa,NYK,24,55,27,28,22.5,113.4,113.8,-0.4,8.7,1.23,13.5,11,17.5,14.1,10.9,53.2,54.8,16.2,96.73,9.4,2493
125,Tobias Harris,PHI,31,55,34,21,33.9,119.3,113.5,5.8,13.6,2.36,16.5,3.2,14.9,9,7,54.6,59,20.3,99.83,11.5,3873
125,Tyrese Maxey,PHI,23,55,35,20,37.4,119.5,114.4,5.2,25.5,3.67,20.8,1.5,8.5,5,5.7,52.4,57.5,27,99.33,12.8,4263
139,Aaron Nesmith,IND,24,54,30,24,26.9,120,118.1,2,6.8,1.52,12.3,3.4,10.8,7.1,8.1,63.1,64.6,16.1,102.73,7.4,3099
139,David Roddy,PHX,22,54,18,36,21.1,104.4,113.8,-9.3,10.1,1.38,13.8,4.2,13.4,8.6,10,46.5,48.8,17.6,101,6.7,2397
139,Franz Wagner,ORL,22,54,33,21,33,112.3,108.4,3.9,19.3,1.87,17,3.2,13.9,8.6,9.1,52.7,57.4,25.4,98.99,13.3,3674
139,Fred VanVleet,HOU,30,54,26,28,36.8,113,110.4,2.5,31,4.67,32.9,1,8.7,4.9,7,52.1,56,18.7,99.48,11.5,4121
139,Jaren Jackson Jr.,MEM,24,54,18,36,31.9,106.4,111.8,-5.3,12.2,0.91,8.8,3.5,13.6,8.4,9.7,50,55.9,29.9,100.27,11.3,3592
139,Josh Okogie,PHX,25,54,33,21,17.1,113.3,110.9,2.3,9.1,1.88,18.3,7.8,8.1,8,9.8,48.5,54.9,12.4,100.94,6.8,1937
139,Julian Champagnie,SAS,22,54,10,44,16.7,109.5,115.8,-6.3,9.4,1.97,17.5,3.4,12,7.6,8.9,52.4,55.6,14,103.48,6.8,1949
139,Kris Dunn,UTA,29,54,25,29,18.2,119.7,116.2,3.5,25.9,3.06,39.2,3.9,11,7.5,12.8,54.4,55.4,13.5,103.62,8.2,2123
139,Luka Doncic,DAL,25,54,31,23,37.6,119.7,117,2.6,43.1,2.49,23.7,2.1,21.3,11.7,9.5,57.7,62.3,35.4,101.28,20.2,4283
139,P.J. Washington,DAL,25,54,14,40,29.8,112.2,119.8,-7.6,9.6,1.4,13.1,3.8,14.1,8.8,9.4,52.5,54.6,19.4,100.79,7.8,3380
139,Terance Mann,LAC,27,54,36,18,25.2,117.4,114.6,2.8,9.5,2.88,19.4,5.4,8.7,7.1,6.7,55.3,57.9,12.9,97.9,6.5,2774
150,Alec Burks,NYK,32,53,10,43,20.1,108.6,119.8,-11.2,11.3,1.88,11.3,1.9,10.1,5.8,6,49.3,55.2,23.3,101.62,8.9,2264
150,Clint Capela,ATL,29,53,24,29,25.3,114.4,117.4,-3,5.4,1.08,8.8,16,22,18.8,8.1,56.2,58.5,16.2,103.17,11.6,2874
150,Dorian Finney-Smith,BKN,30,53,22,31,28,112,112.9,-1,7.7,1.77,15.1,5.7,10.6,8.1,8.5,55.1,55.8,13.5,98.58,6.4,3044
150,Jae'Sean Tate,HOU,28,53,23,30,17.1,110.9,105.6,5.3,8.6,2.19,19.3,5.4,13,9.1,8.8,52.3,54,11,101.54,6,1901
150,Onyeka Okongwu,ATL,23,53,23,30,25.8,118.5,118.1,0.4,7,1.58,13.8,10,16.8,13.3,8.7,64.1,67.5,13.3,103.42,9.4,2942
155,Alex Caruso,CHI,30,52,25,27,27.3,110.1,108.4,1.7,14.9,2.11,23.5,3.3,10.2,6.7,11.1,57.9,60.3,14.7,99.39,8.6,2936
155,Brandin Podziemski,GSW,21,52,27,25,26.8,118.1,111.7,6.4,18.6,3.06,27.6,5.5,15.1,10.3,9,52.4,53.4,15.5,100.94,9.5,2935
155,Bruce Brown,TOR,27,52,25,27,28.1,118.7,120.2,-1.5,11.9,2.41,20.1,3,12.9,8,8.4,50.9,55.4,15.8,103.27,7.5,3147
155,De'Aaron Fox,SAC,26,52,30,22,35.7,117.7,114.9,2.9,24.1,2.1,17.9,2.5,9.3,5.8,8.5,54,57.1,30.1,102.72,12.3,3974
155,Dean Wade,CLE,27,52,35,17,20.1,113.1,103.2,10,5.2,2.05,13.9,3.4,15.7,9.7,6.8,59.5,60.7,10.2,100.02,7.5,2170
155,Dillon Brooks,HOU,28,52,23,29,31.4,111.7,112.6,-1,7.5,1.28,11.2,2.4,8.4,5.4,8.7,52.3,55.8,17.7,99.97,6,3395
155,Doug McDermott,IND,32,52,14,38,14.7,109.2,120.6,-11.5,10.4,2.44,18.4,1.1,5.4,3.2,7.5,59.4,59.6,14.6,103.45,5.4,1664
155,Dyson Daniels,NOP,20,52,30,22,21.9,116.3,111.2,5.1,15.2,2.62,29.1,4.5,12,8.3,11.1,50,51.8,12.3,100.38,7.6,2369
155,Isaac Okoro,CLE,23,52,34,18,26.4,113.8,108.9,4.9,10.4,2.63,19.1,4,7.2,5.6,7.3,58.9,61,14,99.13,7.5,2810
155,Jaden McDaniels,MIN,23,52,35,17,29,115.2,109.2,6,6.4,1.06,11.8,2.8,6.6,4.8,11.1,57.8,59.1,15.3,97.57,5.5,3064
155,Jaxson Hayes,LAL,23,52,29,23,11.3,108.8,113.6,-4.8,5.6,1.04,12.9,8,13.4,10.9,12.4,69.2,69,11.8,102.45,7.8,1249
155,Jerami Grant,POR,29,52,17,35,33.7,107.9,117.3,-9.5,13.9,1.35,12.1,2,8.8,5.3,9,51.6,57.3,25.7,98.22,10.2,3593
155,Malachi Flynn,DET,25,52,25,27,11.6,104.7,112.7,-8,21.6,2.15,26.2,1.9,10.8,6.2,12.2,49,51.9,16.9,100.35,7.6,1257
155,Marcus Sasser,DET,23,52,7,45,16.4,111.8,117.7,-5.9,26.9,3.04,28.8,0.8,8.9,4.7,9.5,54.7,56.9,19,102.56,9.5,1820
155,Nic Claxton,BKN,24,52,20,32,29.5,108.1,114.2,-6,10.3,1.66,15.5,8.5,23.8,16,9.4,62.8,63.2,15.7,99.27,13.1,3154
155,Nick Richards,CHA,26,52,10,42,26.1,106.2,118.8,-12.6,4.7,0.75,9.3,9.9,21.2,15.4,12.3,69.1,71.7,13.4,98.42,10.7,2777
155,T.J. McConnell,IND,31,52,28,24,17.6,116.3,115.4,0.9,41.6,3.79,37.8,3.2,12.5,7.7,10,56.2,57.9,21,104.01,14.9,1987
172,Al Horford,BOS,37,51,40,11,26.7,119.9,108.4,11.4,12.9,3.81,27.7,4.8,18.4,12,7.3,61.9,62.8,11.3,99.27,10.4,2821
172,Andrew Wiggins,GSW,29,51,25,26,27.2,115.1,118.3,-3.2,8.9,1.4,11.6,5.5,9.5,7.5,8.3,50.9,53.9,19.9,101.2,7.2,2925
172,Bam Adebayo,MIA,26,51,30,21,34.6,110.5,110.1,0.4,19.5,1.64,16.5,6.4,23.6,15,10.1,51.6,57.2,25.6,97.96,15,3609
172,Cade Cunningham,DET,22,51,5,46,33.8,110,118.8,-8.8,34.6,2.15,24,1.3,11.1,6.1,11.2,50.5,54.9,28.9,100.69,12.1,3609
172,Dwight Powell,DAL,32,51,29,22,14.4,117.7,113.4,4.3,12.9,2.68,31.9,10.6,13.6,12.1,11.9,71.1,74.1,9,102.1,8.3,1562
172,Eric Gordon,PHX,35,51,30,21,29.6,116.5,113.8,2.8,10.4,1.78,16,1.1,5.4,3.4,9,57.3,58.8,16.8,100.6,7.3,3167
172,Jordan Clarkson,UTA,31,51,22,29,30.5,114.6,118.7,-4.1,24.8,1.92,21.1,3,8.4,5.7,11,47,52.4,25.6,101.27,9.2,3280
172,Lauri Markkanen,UTA,26,51,22,29,32.9,118.7,117.2,1.5,9,1.54,9.4,6.6,17.8,12.2,6.1,58.3,63.4,23.7,102.67,13.5,3586
172,Miles Bridges,CHA,25,51,12,39,37.3,107.2,119.1,-11.9,14.2,1.6,13.5,2.5,18,9.9,8.5,52.6,55.6,24.1,99.21,11.2,3937
172,RJ Barrett,TOR,23,51,24,27,31.4,113.8,116.5,-2.6,14.8,1.55,14.1,2.6,13.9,8.2,9.1,54.1,57.3,25.2,101.29,10.5,3369
172,Trae Young,ATL,25,51,22,29,36.5,116.3,118.9,-2.6,43.3,2.51,28.7,1.1,6.3,3.6,11.4,51.2,58.1,29.2,104.91,13.2,4066
172,Walker Kessler,UTA,22,51,25,26,23.3,112,113.8,-1.7,5.3,0.83,10.4,10.7,19.2,15.1,12.5,65.9,65.7,13.1,101.29,11.1,2510
172,Ziaire Williams,MEM,22,51,20,31,20.3,102.5,112.4,-9.9,11.8,1.14,13.6,3.1,13.8,8.2,12,47.4,51.1,19.2,100.4,7.4,2156
172,Zion Williamson,NOP,23,51,30,21,30.5,114.8,111.9,2.9,26.5,2.02,20.2,5.6,11.8,8.8,10,57.9,61.1,27.7,102.3,14.3,3315
186,Christian Wood,LAL,28,50,28,22,17.4,109.9,109.9,0,7.9,0.98,12.1,4.8,22.6,14.4,12.3,53.2,56.8,17.3,101.73,10.1,1849
186,Davion Mitchell,SAC,25,50,29,21,13.4,105.4,115.4,-10,18,2.97,27.8,1.2,6.9,3.9,9.4,51.4,53.4,14,101.5,5.4,1417
186,Devin Booker,PHX,27,50,31,19,35.8,120.2,114,6.1,29.7,2.65,21.7,2.1,10.1,6.3,8.2,55.1,61.2,29.3,100.38,14.7,3746
186,Goga Bitadze,ORL,24,50,26,24,17.5,113.5,109.4,4.1,11.6,2.03,21.9,11.1,18.6,14.8,10.8,61.1,63,12.5,97.73,11.6,1775
186,Jakob Poeltl,TOR,28,50,21,29,26.4,113.6,114.2,-0.6,13.1,1.65,20.3,11,21.4,16.2,12.3,65.6,65.3,16,100.54,11.7,2763
186,Jaylin Williams,OKC,21,50,35,15,12.6,117,107.4,9.5,13.8,3.35,25.4,4.4,20.9,12.9,7.6,50.9,53.9,13.4,100.98,8.9,1321
186,Kenrich Williams,OKC,29,50,36,14,14.3,117.7,106.8,10.9,11.1,3.44,23,5.4,13.6,9.8,6.7,55.9,55.4,12.4,101.47,7.3,1505
186,Naji Marshall,NOP,26,50,32,18,18.9,116.5,108.7,7.8,14.3,1.89,21.8,5,13.1,9.2,11.6,52.4,56.5,16.1,101.8,8.6,1998
186,Santi Aldama,MEM,23,50,19,31,25.3,105.2,112.2,-7,13.5,1.77,16.4,4.4,17.4,10.7,9.3,51.8,52.8,18.5,98.35,9.9,2594
186,Tyrese Haliburton,IND,24,50,28,22,31.9,123,118.1,4.8,46.9,4.97,37.4,1.8,9.9,5.9,7.5,57.6,61,24.3,104.37,16,3472
186,Vince Williams Jr.,MEM,23,50,17,33,27.3,108.4,111.3,-2.9,16.9,1.93,24.4,4,16.6,10,12.7,54.1,58.9,15.4,99.38,9.4,2821
186,Zach Collins,SAS,26,50,10,40,23.1,105.5,118.7,-13.2,19.6,1.5,20,7,15.2,11,13.4,52.9,56,21.6,102.77,8.8,2472
198,Andrew Nembhard,IND,24,49,29,20,23.6,115.4,115.1,0.3,23.3,2.64,30.5,2.4,5.7,4.1,11.6,54.7,56.2,17.4,102.05,7.8,2454
198,Bryce McGowens,CHA,21,49,9,40,15.9,104.4,116.4,-12,8.6,1.77,15.7,2,9.7,5.8,8.9,53.6,58,13.8,99.24,5.9,1614
198,Cameron Johnson,BKN,28,49,19,30,27.7,112.4,115,-2.5,13.3,2.54,16.4,3.3,12.5,7.6,6.5,56.4,58.5,19.2,98.44,9.8,2802
198,Caris LeVert,CLE,29,49,31,18,27.7,114.9,111.8,3.1,24.4,3.15,23.8,1.9,11.5,6.7,7.6,48.6,52,22.8,100.45,10.4,2848
198,Josh Green,DAL,23,49,27,22,27.3,117.5,119.1,-1.6,11.3,2.15,22.2,2.6,9.5,6.1,10.4,59.1,60.1,13.1,101.46,6.5,2819
198,Max Christie,LAL,21,49,26,23,16.3,108.7,111.1,-2.3,8.4,1.65,17,1.6,12,7.2,10.3,51.5,54.7,13.1,104.14,6.1,1741
198,Miles McBride,NYK,23,49,29,20,14.7,105.9,110.4,-4.4,15,3.72,18.4,1.9,5.2,3.5,4.9,54.4,56.1,17.6,96.42,7.8,1447
198,Quentin Grimes,DET,23,49,30,19,20.2,108.6,109.6,-1,8.9,2.31,14.5,1.3,8,4.6,6.3,51.1,52.7,15.2,97.52,6.1,2001
198,Rui Hachimura,LAL,26,49,27,22,25.1,115.1,112.8,2.2,5.6,1.42,8.8,3.3,11.1,7.4,6.2,58.6,60.5,18.1,102.15,8.6,2631
207,Amir Coffey,LAC,26,48,34,14,18.9,115.5,117.3,-1.8,6.2,2.2,15.4,2,7,4.6,7,62.2,65.8,11,101.75,6.2,1928
207,Cam Thomas,BKN,22,48,17,31,29.8,110.9,116.5,-5.6,14.3,1.51,11.4,1.2,8.4,4.7,7.5,49.5,54.3,29.3,100.71,9.8,3009
207,Chris Boucher,TOR,31,48,16,32,13.5,116.3,113.8,2.4,3.9,0.83,6.7,8.2,20.1,14.1,8.1,56.1,60.6,16.9,99.74,10.2,1347
207,Ivica Zubac,LAC,26,48,30,18,26.5,118.1,110.8,7.3,7.3,1.14,11.9,12,23.2,17.9,10.5,65.2,66.6,16.3,97.5,12.2,2586
207,Joe Ingles,ORL,36,48,31,17,17.3,116.3,111.8,4.5,21.9,3.34,39.1,2.2,11.1,6.7,11.7,55,57.1,11.6,99.8,7.9,1739
207,Kelly Oubre Jr.,PHI,28,48,28,20,29,115.9,116.7,-0.8,5.9,1.23,8,4.2,11.4,7.6,6.5,51.4,54.7,20.2,100.13,7.4,2896
213,Andre Jackson Jr.,MIL,22,47,30,17,10.6,115.3,119.7,-4.5,11.1,2.1,28,7.4,11.6,9.5,13.4,61.5,62.6,9.4,102.62,4.5,1068
213,Donovan Mitchell,CLE,27,47,32,15,35.7,116.7,107.1,9.7,27.3,2.12,19.2,2.5,12,7.3,9.1,55.5,60.4,30.7,99.95,16,3507
213,JT Thor,CHA,21,47,11,36,12.7,106.3,111.9,-5.6,4.2,1.5,10.1,6,12.6,9.2,6.7,43,43.7,11.3,100.7,4.4,1248
213,Jalen Johnson,ATL,22,47,23,24,34.3,113.9,116,-2.1,14.2,1.96,18.5,3.6,20.8,12,9.4,56.9,59.1,17.7,104.05,11.4,3490
213,John Konchar,MEM,27,47,15,32,19.7,104.4,110.7,-6.3,13.1,2.69,29,5.8,16.7,11,10.8,50.9,53.1,9.7,99.72,8.6,1916
213,Keita Bates-Diop,BKN,28,47,28,19,13.7,109.7,114.1,-4.5,8.2,2.4,15.7,5,11.5,8.3,6.6,50.3,53.7,12.9,98.94,7.7,1326
213,Kevin Love,MIA,35,47,26,21,17.5,115,109.3,5.7,19.2,2.76,21.2,5.9,29.1,17.4,7.7,56.4,60.6,20.3,99.43,14.4,1697
213,Trayce Jackson-Davis,GSW,24,47,26,21,13.1,113.7,113,0.7,10.3,1.47,14.8,12,16.8,14.4,10.1,68.9,68.4,16.7,101.05,12.5,1298
213,Zeke Nnaji,DEN,23,47,32,15,9.8,99.5,114.4,-14.9,8.5,0.96,12.6,10.7,9.8,10.3,13.1,44.9,50.6,16.3,99.28,5.8,939
222,CJ McCollum,NOP,32,46,30,16,31.4,117,112.7,4.3,20.2,2.93,20.5,1.8,12.1,6.9,7,57,59.1,23.3,100.36,11.6,3027
222,Day'Ron Sharpe,BKN,22,46,19,27,15.6,114.2,108.5,5.7,13.5,1.35,16.9,16,23.9,20,12.6,59.1,60.9,18.4,99.56,13.9,1485
222,Dennis Smith Jr.,BKN,26,46,18,28,19.7,110.1,109.9,0.2,28.3,3.16,32.5,4.8,11.2,7.9,10.3,46.9,49.4,17.5,98.71,9.3,1854
222,Duop Reath,POR,27,46,13,33,17.8,112.1,115.8,-3.6,9.5,1.29,10.9,7.6,14,10.5,8.5,57.5,59.1,20.3,98.15,9.2,1672
222,Isaiah Jackson,IND,22,46,28,18,13.7,113,112.8,0.1,8.5,1.14,12.9,11.2,19.2,15.2,11.3,66.2,68.5,17.1,105.39,12.1,1381
222,Jalen Duren,DET,20,46,9,37,30.1,111.2,118.6,-7.4,12.4,1.31,17.1,10.6,27.4,19,13.1,62.6,65.3,17.3,100.85,13.5,2902
222,Jamal Murray,DEN,27,46,33,13,31.6,119,112.3,6.7,29.7,3.07,24.7,2.2,10.2,6.3,8,55.1,58.2,26.7,97.91,13.3,2963
222,Julius Randle,NYK,29,46,29,17,35.4,119.7,113.8,6,21.7,1.44,16.9,5.9,19.8,12.8,11.7,51.8,56.9,28.7,98.84,13.4,3364
222,Moses Moody,GSW,21,46,25,21,17.5,112.1,110.8,1.4,6.5,1.13,9.2,5.2,10.8,7.9,8.2,55.2,58.1,17.6,101.86,9,1714
231,Caleb Houstan,ORL,21,45,23,22,14.8,110.5,111.6,-1.1,5.6,1.73,11.9,3.4,7.5,5.4,6.9,57.6,59.2,12.5,96.32,5.5,1337
231,Daniel Theis,LAC,31,45,32,13,17.4,116.9,114.9,1.9,7.8,1.53,14.5,8.5,14.3,11.4,9.5,57.4,59.4,14.8,99.87,8,1630
231,Garrison Mathews,ATL,27,45,20,25,12.8,110.3,113.8,-3.5,4.5,1.33,12.8,1.8,8.4,5.1,9.6,61.7,63,9.8,102.91,3.4,1233
231,Haywood Highsmith,MIA,27,45,28,17,20.7,111.4,111.1,0.3,6.7,1.69,14.5,4.3,9.7,7,8.6,54.3,56.1,12.1,98.24,5.7,1899
231,Jordan Goodwin,MEM,25,45,25,20,15.7,106.5,111,-4.5,21.7,2.62,25.6,6.9,12.4,9.7,9.8,43.5,46.3,17.4,98.75,9.1,1456
231,Kristaps Porzingis,BOS,28,45,35,10,29.7,121.9,109.9,12,9.3,1.24,10.3,5.7,15.7,11.1,8.3,59.9,66,24.4,101.01,13.7,2820
231,Trey Lyles,SAC,28,45,26,19,19.8,117.7,112.3,5.4,7.5,1.73,14.8,4.9,17,11,8.5,58.7,60.4,13.9,101.19,8.3,1880
238,Caleb Martin,MIA,28,44,26,18,27,114.3,112.1,2.1,11.1,1.74,16.6,4.5,12.8,8.7,9.6,53.2,55.9,16.9,97.26,8.1,2404
238,Dereck Lively II,DAL,20,44,25,19,24.7,120.9,116.7,4.2,5.9,1.16,14.2,10.8,17.4,14.2,12.3,74.4,72.7,11.9,101.44,9.6,2299
238,Jalen Smith,IND,23,44,26,18,17.7,118.8,119,-0.3,7.7,1.22,11.3,9.1,22.5,15.7,9.3,69.2,70.2,18.7,102.83,12.6,1653
238,KJ Martin,PHI,23,44,24,20,11.4,111.4,111.9,-0.5,8.3,1.41,16.6,3.9,12,7.9,11.8,57.8,57.5,12.8,102.97,5.8,1068
238,Landry Shamet,WAS,26,44,5,39,16,109.3,119.3,-10,10.4,1.79,14.1,2.1,6.5,4.2,7.9,52.8,55.6,18.5,103.85,5.9,1524
238,Larry Nance Jr.,NOP,31,44,25,19,18.4,111.3,107,4.3,11.7,1.77,24.3,8.1,19.4,13.8,13.7,65.2,66.8,11.3,101.55,10.7,1700
238,Luke Kornet,BOS,28,44,33,11,14.6,117.3,110.8,6.5,7.9,2.18,18.4,11.6,13.3,12.4,8.5,68.9,72.3,10.8,97.96,10.6,1304
238,MarJon Beauchamp,MIL,23,44,29,15,13.3,114.5,115.3,-0.8,6.7,1.11,13.5,3.9,12.1,8.1,12.2,57.9,59.3,13.7,103.26,6.1,1259
238,Marvin Bagley III,WAS,24,44,4,40,21.2,110.7,117.8,-7.1,8.6,1.02,10.4,12.2,16.9,14.5,10.2,58.2,61.6,20.4,103.11,11.4,2002
238,Seth Curry,CHA,33,44,25,19,14,110.6,107.5,3.1,10,2.1,15.9,2.8,7.8,5.3,7.6,48.5,51.9,15.9,100.77,6.7,1301
238,Terry Rozier,MIA,29,44,14,30,33.9,110.2,120.3,-10.2,29.3,3.22,23.9,1.8,10.5,6,7.4,51,55.3,25.6,99.27,11.7,3084
238,Trendon Watford,BKN,23,44,18,26,11.6,114.1,114.4,-0.3,15.6,1.77,18.8,6.9,15.5,11.2,10.6,56.7,61.2,19.3,99.02,10.9,1054
250,Chris Duarte,SAC,26,43,25,18,13.2,112.7,114.5,-1.8,7.9,1.75,15.7,3.1,11.5,7.1,9,48.7,51.5,13.8,99.59,4.9,1173
250,Ish Smith,CHA,35,43,6,37,17.2,101.7,119.2,-17.5,26.8,3.09,41.2,1.4,9.4,5.1,13.4,43,43.5,11.9,100.59,5.7,1549
250,Josh Richardson,MIA,30,43,24,19,25.6,108.7,113.7,-5,14.4,2.92,20.7,1.7,9.4,5.6,7.1,53.9,57.3,15.9,98.56,8,2267
250,Khris Middleton,MIL,32,43,27,16,26.3,120.4,113.4,7,26,2.43,25.7,2.3,12.8,7.8,10.6,56,59,23,102.84,11.6,2425
250,Kyle Lowry,PHI,37,43,23,20,28.2,112.9,113,-0.2,20.9,2.92,33.3,2.4,10.5,6.4,11.4,55.9,58.9,13,97.44,7.7,2464
250,Patrick Williams,CHI,22,43,19,24,27.3,114.3,115.5,-1.2,7.7,1.16,12.9,3.9,10.5,7.1,11.1,52.5,55.3,16.3,97.59,6.6,2393
250,Sam Merrill,CLE,27,43,30,13,16.1,111.5,110.7,0.8,14,5.42,18.7,2.3,9.3,5.8,3.5,62.8,63.6,17.4,98.31,10.3,1429
250,Scoot Henderson,POR,20,43,14,29,27,108.8,119.4,-10.5,27,1.59,22.4,3,8,5.3,14.1,42.7,48.4,25.1,99.86,6.1,2407
250,Troy Brown Jr.,DET,24,43,28,15,11.5,109.3,113.7,-4.5,11.8,1.95,18.9,3.3,13.7,8.7,9.7,55.2,58.3,14.9,101.74,8.3,1047
259,Amen Thompson,HOU,21,42,16,26,19.6,106.4,110,-3.6,16.8,1.59,21.4,8,19.1,13.2,13.4,50.8,53.7,17.2,104.61,10.7,1782
259,James Wiseman,DET,22,42,4,38,14.4,106,119.5,-13.5,7.1,0.8,11.4,9.9,18.6,14.1,14.2,66,66.4,14.8,104.33,8.9,1309
259,Jimmy Butler,MIA,34,42,23,19,34,116.5,112.4,4,22.5,2.86,20.5,6.1,10.4,8.3,7.2,54.5,63.7,24.2,97.79,15.2,2903
259,Jonathan Isaac,ORL,26,42,27,15,14.8,112.4,101.7,10.6,4.5,0.86,7.2,8.7,19.5,14.3,8.3,54.3,57.7,16.6,98.96,13.1,1271
259,Killian Hayes,DET,22,42,7,35,24,106.5,117.6,-11.1,26.8,4.02,36.8,1.1,10.7,5.9,9.2,45.2,47.4,14.7,102.49,7.7,2149
259,Lonnie Walker IV,BKN,25,42,19,23,18.1,115.3,111.6,3.7,11.6,1.48,11.8,1.2,10.4,5.8,8,56.6,58.3,24,101.08,10,1608
259,Shake Milton,NYK,27,42,27,15,13.2,104.2,110,-5.7,14.7,1.81,19.1,2.4,9.6,5.9,10.6,44.9,49.6,17.4,103.96,6.3,1206
266,AJ Green,MIL,24,41,29,12,9.5,116.5,113.2,3.3,9,4.17,14.9,1.7,9.6,5.9,3.6,63,64.4,16,100.18,7.7,812
266,Blake Wesley,SAS,20,41,10,31,13.1,103.9,114.3,-10.4,27,3.31,36.9,1.9,7,4.3,11.1,51.2,54,13.8,104.2,6.6,1166
266,Gradey Dick,TOR,20,41,16,25,16.5,106.2,117.4,-11.1,9.5,1.8,15.1,2.6,8.5,5.4,8.4,54.6,57,15.2,102.42,6.5,1445
266,Jose Alvarado,NOP,25,41,27,14,17.1,117.3,103.6,13.7,16.5,2.55,21.7,2.2,9.7,6.1,8.5,51.6,53.2,17.9,100.61,8.8,1461
266,Nicolas Batum,PHI,35,41,25,16,24.2,120.8,114.3,6.5,11,3.56,31.1,5,11,8,8.7,63,63.6,8.4,99.64,6.4,2057
266,OG Anunoby,NYK,26,41,23,18,34.2,117.6,107.8,9.8,8.9,1.5,14,2.8,9.1,6,9.3,58.8,60.9,17.3,99.47,8.5,2905
266,Vasilije Micic,CHA,30,41,28,13,15.1,112.7,106.6,6.1,29.6,2.67,35.1,1.3,5.7,3.7,13.1,46.6,50.1,18.3,98.48,7.6,1271
273,Dalen Terry,CHI,21,40,19,21,10.1,112.9,110.3,2.6,15.2,2.63,30.1,3.6,13.2,8.3,11.4,45.8,49.8,11.9,98.91,5.8,834
273,Deandre Ayton,POR,25,40,10,30,31.6,107.7,115.6,-8,8.9,1,11,9.4,24.9,16.9,11,57,58.7,18.9,98.15,13,2581
273,Kris Murray,POR,23,40,8,32,16.1,106.6,109.7,-3.1,8.1,1.48,15.4,5.2,10.4,7.6,10.4,45.8,47.2,13,98.81,6.1,1324
273,Kyrie Irving,DAL,31,40,23,17,34.3,120.4,116.6,3.9,22.3,3.09,18,2.2,12.1,7.2,5.8,56.5,59.9,27.8,101.53,14.3,2901
273,Oshae Brissett,BOS,25,40,33,7,10.7,115.9,106.8,9.2,9.5,2.38,17.4,7.8,16,11.8,7.3,50.9,55.1,13.9,101.83,8.7,897
278,Cam Reddish,LAL,24,39,21,18,22.3,111.1,112,-1,6.7,1.52,15.1,2.6,7.8,5.2,9.9,48.4,51.9,12.8,102.93,4.9,1872
278,Cody Zeller,NOP,31,39,23,16,7.7,114.9,106.4,8.5,14.6,2.4,28.3,13.5,18.5,15.9,11.8,42.5,48.1,11.8,104.51,7.7,657
278,Gary Harris,ORL,29,39,26,13,22.9,114.8,110.4,4.4,10.2,3.4,21.5,2.1,5.4,3.8,6.3,58.8,60.7,11.9,99.17,6.5,1849
278,Isaiah Stewart,DET,22,39,6,33,30.8,110.9,115,-4.1,7.6,1.17,13.6,5.7,16.3,11.1,11.6,55.9,58.5,15.1,100.29,8.1,2502
278,JaVale McGee,SAC,36,39,23,16,8,108.6,112.1,-3.5,6.9,0.45,7.8,11.2,23,17.1,17.3,62.9,63.4,20.9,105.04,12.4,688
278,Julian Strawther,DEN,21,39,26,13,12.7,105.2,117.3,-12.1,11.9,2.41,15.2,0.7,9.3,4.9,6.3,47,48.8,18.8,101.38,5.7,1050
278,Kessler Edwards,SAC,23,39,24,15,4.9,98.8,104.6,-5.8,7,9,13.6,2.4,13.4,7.6,1.5,50.9,52.1,12.2,103.9,6.4,405
278,Malcolm Brogdon,POR,31,39,15,24,28.7,110.7,114.5,-3.7,30.1,3.57,26.1,2.4,10.8,6.5,7.3,52.2,56,22.6,99.51,12.2,2326
278,Mo Bamba,PHI,25,39,21,18,11.1,110,111.3,-1.3,9.1,0.93,13.5,11.6,21.2,16.2,14.5,52.3,54.3,16.6,98.89,9.4,893
278,Talen Horton-Tucker,UTA,23,39,11,28,19.8,113.2,116.5,-3.3,28.7,2.74,25,2.4,9.8,6.1,9.1,46.6,50.9,23.4,100.82,9.7,1624
288,Ben Sheppard,IND,22,38,20,18,11.8,117.5,115.3,2.2,7.3,4.14,16.8,1.7,10.5,5.9,4,54.3,56.4,12.8,105.72,5.4,988
288,Danilo Gallinari,MIL,35,38,12,26,14.2,112.3,119.3,-7,13.2,3.13,18.9,3.4,15.4,9.3,6,51.8,60.3,17.1,101.92,9.5,1151
288,Evan Mobley,CLE,22,38,24,14,31.1,109.1,107.6,1.5,14.9,1.59,17.2,7.8,22.7,15.6,10.8,59,61.4,20,100.83,14.4,2486
288,Justin Holiday,DEN,34,38,23,15,14.4,112.1,111.5,0.7,8.8,4.22,22.4,1.1,7.7,4.3,5.3,60.7,61.1,10.1,100.34,5.7,1145
288,Mike Muscala,OKC,32,38,8,30,13.7,108.1,115.1,-7,8.5,1.83,16.3,5.9,13.9,9.9,8.9,46,48.5,13.6,102.78,5.3,1115
293,Anfernee Simons,POR,24,37,9,28,34.2,109.2,120.7,-11.5,27.4,2.05,19.6,1.3,9.9,5.3,9.6,51.7,56,28,98.02,11,2585
293,Bojan Bogdanovic,NYK,34,37,6,31,31.1,110.8,124.5,-13.7,10.8,1.08,11,1.5,9.7,5.4,10.2,55.9,59.1,24.3,100.7,8.6,2415
293,Chimezie Metu,PHX,26,37,22,15,12.1,109.2,114.2,-5,6.2,0.7,9.6,6,18.8,12.8,13.7,56.5,62.1,17,100.77,10.3,944
293,Chuma Okeke,ORL,25,37,17,20,10.6,101.8,106.9,-5.1,7.4,1.5,13.5,4.2,14.1,9,9,49,48.9,12.6,97.33,7.1,793
293,Craig Porter Jr.,CLE,24,37,25,12,13.6,114.9,113,1.9,26.4,2.82,29.1,3.4,14,8.8,10.3,51.7,54.7,20.2,97.71,11.1,1024
293,Darius Garland,CLE,24,37,23,14,32.9,113.5,109,4.4,28.1,1.97,24.4,1.4,5.6,3.6,12.4,52.7,56.9,25,99.3,10.8,2527
293,De'Andre Hunter,ATL,26,37,17,20,28.2,117.9,119.8,-1.8,6,0.94,8.5,2,11.5,6.6,9,57.6,63,19.3,102.89,8.4,2234
293,Desmond Bane,MEM,25,37,14,23,34.5,108.4,114.6,-6.2,26.5,1.98,18.8,2.5,10.4,6.3,9.5,56.3,59.7,27.6,100.3,13.4,2677
293,Jacob Gilyard,BKN,25,37,10,27,17.7,106.3,118.4,-12.1,29.8,4.52,43.1,1.1,5.7,3.3,9.5,59.4,59.7,11.5,97.43,8.1,1329
293,Jaden Springer,BOS,21,37,22,15,10.7,108.6,114.9,-6.3,13.5,1.33,17.6,6.7,9,7.8,13.2,41.3,46.8,17.8,100.54,5.2,824
293,Jordan McLaughlin,MIN,27,37,23,14,8.9,101,100,1,26.5,4.85,38.2,2.9,8.4,5.6,7.9,54.7,54.8,12.8,104.21,10.7,718
293,Marcus Morris Sr.,PHI,34,37,22,15,17.2,113.4,114.1,-0.8,5.9,1.37,9.8,2.6,14.5,8.3,7.2,52.7,55.9,15.7,98.63,7.5,1309
293,Nick Smith Jr.,CHA,19,37,7,30,15.5,102.4,117.5,-15.1,13.1,1.41,15,2.6,7.1,4.7,10.7,52.3,53.4,19.6,97.69,5.7,1161
293,Trey Murphy III,NOP,23,37,23,14,27,116.4,105.9,10.5,9.3,4.19,13.3,2.4,12.3,7.5,3.2,57.5,60,18.4,100.24,10.7,2093
293,Xavier Tillman,BOS,25,37,17,20,19.9,103.1,107.8,-4.7,12.3,2.03,17.9,7,14.5,10.6,8.8,45,45.5,15.5,100.7,7.8,1542
308,Chris Paul,GSW,38,36,19,17,27.1,114.4,111.6,2.8,34.6,5.91,43.1,1.1,12,6.6,7.3,51.5,54.4,14.3,100.25,11.6,2042
308,Dante Exum,DAL,28,36,20,16,19.1,121.9,113.9,7.9,18.2,3.54,27.3,2.6,10.8,6.8,7.7,64,65.8,16,102.54,10.4,1468
308,De'Anthony Melton,PHI,25,36,23,13,27.8,121.9,111.9,10,14.2,2.82,20.6,2.7,11,6.8,7.3,49.9,54,17.6,101.25,7.9,2115
308,Delon Wright,MIA,31,36,8,28,14.2,108.3,112.2,-3.8,23.8,8.27,36.5,2.6,9.2,5.9,4.4,45.8,50.9,12.9,102.49,9.8,1091
308,Draymond Green,GSW,34,36,21,15,26.3,116,112.6,3.4,27.7,2.47,37.4,4.7,20.2,12.6,15.1,58.3,61.2,15,103.91,11.2,2058
308,Tristan Thompson,CLE,32,36,24,12,12.4,118.5,112.7,5.7,12.2,1.74,22.7,13.3,17.3,15.3,13.1,65.6,60.5,12.8,98.44,9.1,910
308,Tyler Herro,MIA,24,36,19,17,33.6,112,112.7,-0.7,21.4,2.05,17.3,1.5,14.1,7.8,8.4,52.7,54.9,26.9,98.97,11.6,2491
308,Wendell Carter Jr.,ORL,24,36,20,16,26.2,111.1,109.9,1.2,8.8,1.36,13.5,7.6,19.3,13.5,9.9,62.5,65.1,16.9,98.03,11.2,1931
316,Cam Whitmore,HOU,19,35,14,21,17.5,107.1,110.3,-3.2,4.5,0.49,4,4.2,16.2,9.9,8.3,55.1,57.2,26,105.11,11.8,1333
316,Furkan Korkmaz,PHI,26,35,22,13,8.6,116.5,110.2,6.4,10.8,2.5,21.2,1.3,8.7,4.9,8.5,48.7,51.9,12.6,104.27,6.1,653
316,Jalen McDaniels,TOR,26,35,10,25,8.6,103.1,112.3,-9.1,8.6,0.94,11.3,2.7,10.6,6.6,12,37.9,41,18,101.76,3,638
316,Jericho Sims,NYK,25,35,22,13,13.2,110.2,112.6,-2.4,6.2,1.75,24.1,9.8,14.8,12.3,13.8,74.5,74.4,6.2,94.38,8,905
316,Jock Landale,HOU,28,35,14,21,9,107.8,100.6,7.2,9.2,1.83,17.7,12.6,10.7,11.7,9.7,38.8,44,12.6,103.79,6.5,683
316,Julian Phillips,CHI,20,35,17,18,7.4,112.3,110.9,1.4,6.4,1.63,14.6,3.3,7.6,5.3,9,47.6,50,12.1,101.28,2.5,544
316,Keon Ellis,SAC,24,35,21,14,11.6,115.3,114.9,0.5,14.3,2.56,27.7,3.2,8.4,5.7,10.8,55.9,57.2,12.5,100.82,5.1,848
316,Sasha Vezenkov,SAC,28,35,18,17,12.6,113.5,112.1,1.4,4.7,1.36,7.7,6.6,12.7,9.6,5.6,56.4,57.4,17.1,103.05,8.5,939
324,Bismack Biyombo,OKC,31,34,16,18,21.8,111.2,114.8,-3.5,9,1.33,22.1,7.7,17.8,12.8,16.6,55.3,55.2,10.4,99.2,6.3,1530
324,Danuel House Jr.,PHI,30,34,21,13,15,109.9,107.7,2.3,7.5,1.47,16.4,3,8.1,5.5,11.1,51.9,57.5,11.6,101.74,5.3,1077
324,Joel Embiid,PHI,29,34,26,8,34,120.6,110.5,10.1,31.2,1.53,15.5,7.8,24.1,16.3,10.1,56,64.5,38.6,101.01,22.6,2429
324,Nassir Little,PHX,24,34,21,13,12.5,104.1,112.6,-8.4,6.6,1.46,12.9,3.2,12.2,7.9,8.8,54.7,57.9,12.5,101.34,7.1,898
324,Yuta Watanabe,MEM,29,34,18,16,13.7,107.4,114.7,-7.3,4.5,0.79,9.5,2.3,8.8,5.6,12,46.1,47.4,12.9,99.95,3,969
329,Bradley Beal,PHX,30,33,20,13,32.4,116.3,113.6,2.7,19.9,1.77,20,2.9,10.1,6.7,11.3,55.4,58.3,23.9,100.95,9.9,2246
329,Dalano Banton,POR,24,33,20,13,10.3,108.8,109.2,-0.4,16.2,1.64,16.7,6.3,12.9,9.5,10.2,44.5,49.3,21.3,98.63,8.5,697
329,Jordan Nwora,TOR,25,33,13,20,11,106.3,119,-12.7,13.7,1.75,15.5,4.4,14.6,9.3,8.8,49,53.2,20.8,106.27,8.6,810
329,Kobe Brown,LAC,24,33,24,9,8.6,110.5,122.5,-12,7.9,2.43,19.3,3.4,12.5,7.8,8,47.6,47.7,10.2,99.27,3.1,590
329,Olivier-Maxence Prosper,DAL,21,33,19,14,7.9,103.1,113.8,-10.7,10.1,3.8,16.7,5.8,16,10.6,4.4,40.5,46.7,14.4,104.93,7.4,573
329,Omer Yurtseven,UTA,25,33,15,18,9,102.8,113.2,-10.4,6.8,0.52,9.8,12.2,26.3,18.9,18.9,52.3,52.9,16.1,102.06,8.9,633
329,Sandro Mamukelashvili,SAS,24,33,7,26,6.4,109.5,103.8,5.7,18.4,3.5,24.3,7.9,17.8,12.5,7,49.3,52.2,16.3,106.36,10.2,472
329,Torrey Craig,CHI,33,33,13,20,21,109.4,116.2,-6.8,7.1,1.89,15.5,7.2,15,10.8,8.2,53.6,55.9,12,98.24,6.7,1411
337,Anthony Gill,WAS,31,32,4,28,5.4,120.4,98.7,21.6,9.4,0.93,15.7,8.3,13.4,11,16.9,49,54.4,17,108.36,8.1,388
337,Gordon Hayward,OKC,33,32,12,20,28.1,111.7,120.5,-8.8,18.5,2.37,23,3.4,12.1,7.7,9.7,48.3,52.4,19.2,99.85,8.9,1877
337,Shaedon Sharpe,POR,20,32,8,24,33.1,105.8,116,-10.3,13.8,1.31,14.5,3.6,11.6,7.3,11.1,47.5,52.4,22,99.67,8,2190
340,Jae Crowder,MIL,33,31,18,13,24.7,112.1,114.3,-2.3,8.2,2.94,19.7,2,12.2,7.1,6.7,54.2,55.5,10.6,102.04,6,1623
340,Kevin Knox II,DET,24,31,4,27,18.1,109.4,117.2,-7.8,5.7,1.05,9.6,3,10.8,6.6,9.2,54.6,57,15.7,103.16,6.2,1208
340,Luke Kennard,MEM,27,31,11,20,24.9,106.2,113.9,-7.7,19.2,2.64,24.7,1.1,10.4,5.7,9.4,63.5,66.1,16.2,99.65,10.3,1601
340,Richaun Holmes,WAS,30,31,9,22,10.4,103.3,116.5,-13.2,7.2,1,12.3,11,18.8,14.6,12.3,54,55.8,14.2,103.82,8.2,699
340,Skylar Mays,LAL,26,31,10,21,13.5,104.6,115.2,-10.5,29.4,4.37,31.4,2.2,8.2,4.9,7.2,44.9,46.8,18.1,99.38,8.7,864
345,Johnny Davis,WAS,22,30,2,28,9.7,103.8,110.4,-6.6,5.3,1.71,11.4,3.5,9.6,6.3,6.7,37.2,37.8,12.5,107.83,2.5,650
345,Luka Samanic,UTA,24,30,13,17,6.3,103.1,104.8,-1.7,4.9,0.5,5.8,4,18.5,11.6,11.7,42.1,47.9,20.4,106.79,7.2,421
347,A.J. Lawson,DAL,23,29,16,13,8,111.7,106.8,5,7.7,1.3,11.1,4.4,8.2,6.3,8.5,55.2,56.7,17.2,106.77,7.8,520
347,DeAndre Jordan,DEN,35,29,19,10,11.3,106.2,116.3,-10.1,9,1.05,14.6,13.4,23.5,18.5,13.9,63.2,60.5,14.9,97.25,10.7,662
347,Eugene Omoruyi,WAS,27,29,2,27,7.6,101.6,112.1,-10.5,17,1.53,14.8,9.7,15.9,12.6,9.7,52.4,56.2,23.1,109.94,11.1,497
347,GG Jackson,MEM,19,29,8,21,20.7,103.5,107.1,-3.6,6.2,0.66,6,4.6,11.3,7.9,9.1,51.9,55.2,23.3,99.76,9.3,1244
347,Jarred Vanderbilt,LAL,24,29,14,15,20,113.6,109.4,4.2,7.7,1.29,18.7,7.3,16.4,12,14.5,55.3,57.8,11.1,103.85,7.7,1253
347,Ousmane Dieng,OKC,20,29,17,12,11.2,111.3,109,2.3,13.5,1.94,20,3,11.4,7.3,10.3,52.5,55.5,16.3,99.98,7.7,675
347,Robert Covington,PHI,33,29,20,9,16.8,115.6,103.6,12.1,6.4,2.18,16.8,6.4,12.7,9.7,7.7,53.6,58,10.4,98.87,7.9,998
354,Cody Martin,CHA,28,28,7,21,26.9,106.4,116.9,-10.5,19.2,2.36,27.6,2.4,12.4,7.2,11.7,44.4,46,15.7,98.1,6.6,1541
354,Lamar Stevens,MEM,26,28,18,10,11,102.7,102.6,0,9.4,0.89,9,6.9,14.6,10.9,10.2,53,54.9,22,99.87,11.8,637
356,Jeremiah Robinson-Earl,NOP,23,27,15,12,9.7,105.1,109.7,-4.7,6.3,0.92,11,6.2,14.7,10.6,12,58.6,61.4,13.8,102.79,9.6,554
356,Mason Plumlee,LAC,34,27,18,9,16.9,117.6,115.2,2.4,9.2,1.65,18.4,8.8,24,16.8,11.2,64.2,67.6,13.6,101.01,11.3,965
356,Nikola Jovic,MIA,20,27,14,13,17.2,117.5,107.9,9.6,14.7,2.04,22.9,4,19.4,11.8,11.2,56,56.4,16.2,97.9,8.4,948
356,Orlando Robinson,MIA,23,27,15,12,10.1,113.8,109.4,4.4,15.3,1.71,23.4,8.9,20.6,14.9,13.7,54.5,58.7,14.9,98.81,9.4,559
360,Alex Len,SAC,30,26,12,14,8.7,115.7,100.2,15.5,12.9,1.44,23.5,13,19.6,16.1,16.3,59.6,58,13.3,101.62,10.4,484
360,Cory Joseph,GSW,32,26,10,16,11.4,114.2,117.2,-3,17.4,3.5,34.7,1.9,8.3,5,9.9,46.1,47,10.8,102.2,4.2,633
360,Gary Payton II,GSW,31,26,15,11,15.7,111,107.2,3.8,9,1.63,15.3,7.2,10.7,8.9,9.4,57.8,58.5,13.7,105.65,8.5,897
360,Lester Quinones,GSW,23,26,16,10,13.1,110.5,110.2,0.3,11.5,1.81,17.1,5.2,12.2,8.5,9.4,50.9,53.2,16.2,101.2,6.2,723
360,Lindy Waters III,OKC,26,26,17,9,6.8,105.7,109.1,-3.3,12.8,3,20,1.1,13,7.1,6.7,63.6,63.6,14.7,99.48,8.5,367
360,Reggie Bullock Jr.,HOU,32,26,12,14,8.7,109.5,112.1,-2.6,5.6,1.67,14.7,1.3,13.3,7.4,8.8,55.8,56.3,10.6,101.4,5.8,474
360,Svi Mykhailiuk,BOS,26,26,20,6,7.9,111.6,103.7,7.9,9.3,1.75,14.1,3.7,7.8,5.8,8.1,48,48.3,16.8,100.49,5.6,431
360,Thanasis Antetokounmpo,MIL,31,26,18,8,4.7,104.2,111.9,-7.7,14.6,1.18,26.5,5.9,3.1,4.3,22.4,50,48.2,12.8,101.28,0.6,261
360,Thomas Bryant,MIA,26,26,15,11,10.2,109.3,115.1,-5.8,8.5,1,12.7,9.7,20.2,14.9,12.7,56.4,60.4,16.7,100.19,9.8,548
369,Damian Jones,CLE,28,25,19,6,6,98,110.5,-12.6,12.8,1.33,21.1,6.3,16.4,11.4,15.8,56.3,62.4,13.1,94.87,10,299
369,Markelle Fultz,ORL,25,25,14,11,23,108.4,107,1.3,21.1,2.68,25.8,6,9.4,7.6,9.6,50.3,51.2,17.5,99.59,9.7,1194
369,Maxi Kleber,DAL,32,25,12,13,22,115.4,115.6,-0.1,9.8,2.1,23.9,3.2,12.8,8,11.4,52.5,54.9,10.4,102.02,5,1167
369,Nathan Mensah,CHA,25,25,3,22,12.3,94.9,114.5,-19.6,4.3,0.64,15.8,8.7,12.7,10.5,24.6,42.9,49.6,6.8,99.71,0.7,633
369,Thaddeus Young,PHX,35,25,6,19,15.1,117.8,120.2,-2.4,17.7,4.17,31.1,9.7,13.3,11.5,7.5,61.8,60.5,12.5,98.6,9,775
369,Zach LaVine,CHI,28,25,10,15,34.9,109.9,115.3,-5.4,17.2,1.88,17.3,0.9,13.4,7.2,9.2,53.1,57.8,23.8,97.91,11,1780
375,Bol Bol,PHX,24,24,16,8,11,108.6,103.3,5.2,6.3,1,9.6,8.5,17.8,13.5,9.6,64.4,65.1,15.8,103.35,13.1,571
375,Bruno Fernando,ATL,25,24,11,13,11.2,109.2,111.6,-2.4,7.5,0.78,10.8,10.5,17.2,13.9,13.8,56.3,58.9,17.9,100.83,9,567
375,Davis Bertans,CHA,31,24,15,9,9.8,113.7,107.8,5.9,8.4,7,12.6,0.9,9.3,5,1.8,64,67.1,17.7,100.82,9.8,497
375,Derrick Rose,MEM,35,24,6,18,16.6,103.9,107.7,-3.8,31,2.52,27.3,1.7,8.9,5.3,10.8,50.6,54,22.2,101.51,10.8,844
375,Dominick Barlow,SAS,20,24,4,20,12.8,112.4,118.8,-6.5,11.4,5.2,19.8,9.6,17.2,13.1,3.8,49.4,53.1,14,100.38,8.6,647
375,Jalen Wilson,BKN,23,24,7,17,14.4,114.7,118.9,-4.2,10.6,4.67,21.1,7.7,11.4,9.4,4.5,52.8,57.9,12.6,97.18,8,702
375,Tre Mann,CHA,23,24,16,8,18.9,104,109.4,-5.4,24.2,2.77,28.5,2.1,15.6,9.1,10.3,54.4,56.4,17.7,97.4,11.4,927
382,Isaiah Livers,WAS,25,23,1,22,20.4,106.1,125.4,-19.3,7.1,1.56,15.2,3,7.3,5,9.7,44,46,12.2,103.54,2.6,1011
382,Neemias Queta,BOS,24,23,19,4,12.3,129.1,110,19.1,5,1.22,10.2,15.3,19.4,17.4,8.3,61.3,63.6,14.3,97.71,10.4,573
382,Taylor Hendricks,UTA,20,23,10,13,17.4,111.3,114.4,-3.1,4.3,0.76,8.7,6.4,15,10.7,11.3,53.9,55.4,13.7,102.98,6.7,860
382,Terry Taylor,CHI,24,23,10,13,7,107.4,106.9,0.5,5.7,1,14.3,9.2,10.4,9.8,14.3,52.9,53.8,11.2,99.84,5.2,336
382,Trent Forrest,ATL,25,23,11,12,9.9,105,116.7,-11.6,28.2,4.36,41.7,2,10.6,5.9,9.6,36,40.7,12,100.03,5.9,478
387,Bones Hyland,LAC,23,22,13,9,13.3,105.7,110.9,-5.2,22.2,1.72,20.7,1,4.9,3,12,42.9,44.9,23.6,100.38,4.7,615
387,Jared Butler,WAS,23,22,2,20,8.1,111.3,116.5,-5.2,35.8,2.87,33.6,1.1,7.3,4.1,11.7,62.5,65.8,19.8,103.72,11.7,382
387,LaMelo Ball,CHA,22,22,7,15,32.3,111.8,120.2,-8.4,39.5,2.12,24.3,3.8,12.2,7.8,11.5,51.5,56.1,31.5,103,13.3,1522
387,Leaky Black,CHA,24,22,1,21,9.9,104.9,113.1,-8.2,11.3,3.6,26.1,3.5,13.8,8.5,7.2,52.6,55.4,10.1,99.38,6.9,450
387,Tari Eason,HOU,22,22,12,10,21.8,112.6,103.1,9.4,8.7,1.35,10.8,8.8,20.3,14.5,8,51.3,52.8,18.8,101.43,13.1,1011
387,Wesley Matthews,ATL,37,22,5,17,11.2,112.9,116.8,-3.9,7.1,2.17,17.1,1.5,11.2,6.2,7.9,41.7,47.5,10.7,103.04,3.5,519
393,Jarace Walker,IND,20,21,9,12,9.9,114.7,114.3,0.3,15.3,2.25,22.9,3.7,15.3,9.2,10.2,48.7,50.6,16.9,106.52,8.3,463
393,Josh Minott,MIN,21,21,16,5,3,102.1,103.6,-1.5,7.3,1.5,9.7,4.4,14.3,9.2,6.5,50,60.8,17.2,110.75,11.4,146
393,Maxwell Lewis,LAL,21,21,10,11,3.5,76.4,106.7,-30.4,7.5,0.43,13.6,1.3,2.5,1.9,31.8,29.2,29.2,10.4,106.89,-2.2,165
393,Mitchell Robinson,NYK,25,21,12,9,29.2,116.6,113.7,2.9,3.3,0.71,9.9,16.9,17.9,17.4,13.8,59.2,56.7,9.3,97.24,8.9,1241
397,Jalen Hood-Schifino,LAL,20,20,10,10,5.4,89.7,112.9,-23.2,12.9,0.89,11.3,1.8,9.6,5.7,12.7,25,32.2,24,103.41,-1.5,233
397,Jalen Pickett,DEN,24,20,14,6,5.3,101.8,107.4,-5.6,19.7,2,26.4,1,9.1,5.2,13.2,51.7,53.5,16.2,97.71,5.9,218
397,Justin Minaya,POR,24,20,1,19,8,100.3,105.5,-5.1,7.1,1.6,18.2,5.4,7.4,6.3,11.4,32.1,34.3,9.2,97.8,2.3,325
397,Marcus Smart,MEM,30,20,7,13,30.2,108.5,109.2,-0.8,21.1,1.39,21,0.9,7.3,4.1,15.1,51.9,55.2,22.5,102.65,8.3,1289
397,Patrick Baldwin Jr.,WAS,21,20,2,18,7.6,110.3,94.7,15.6,6.7,1.33,12.1,3.9,20.2,12,9.1,50,52.6,14.6,107.17,7.4,341
397,Ryan Arcidiacono,NYK,29,20,15,5,2.3,82.1,80,2.1,13.3,2,33.3,0,13.8,7.5,16.7,0,0,7.4,100.99,0.8,95
403,Brandon Boston Jr.,LAC,22,19,12,7,6.8,101.1,127.8,-26.7,6.3,0.71,6,4.9,6.1,5.5,8.4,46.9,51.3,24.1,100.25,5.2,274
403,Charles Bassey,SAS,23,19,3,16,10.8,105.1,116.7,-11.6,13.6,1.4,26.9,10.2,26.5,17.8,19.2,72.5,73.9,11,105.69,11.6,455
403,Collin Gillespie,DEN,24,19,12,7,8.5,110.7,111.6,-0.9,13.8,1.6,21.6,0.6,6.9,3.7,13.5,63.3,63.9,15.4,100.23,6.7,336
403,Jontay Porter,TOR,24,19,6,13,12.9,107.4,122.9,-15.4,19.3,2.43,26.2,6.7,16.9,11.7,10.8,45.4,49.2,16.4,103.14,7.6,525
403,Kira Lewis Jr.,UTA,22,19,10,9,8,97,102.4,-5.4,22.6,2.63,24.1,2.9,5.4,4.2,9.2,33.3,39.1,17.7,104.28,5.9,330
403,Mark Williams,CHA,22,19,7,12,26.8,115.2,116.4,-1.2,5.9,1.29,10,14.3,20.9,17.6,7.7,64.9,67.5,16.2,100.03,12.9,1056
403,Matt Ryan,NOP,26,19,11,8,18.4,110.3,107.1,3.2,6.3,0.89,11.2,1.6,8.3,5.1,12.6,64.4,66.7,14.9,103.96,7.1,755
403,Patty Mills,ATL,35,19,9,10,10.6,107.2,115.6,-8.5,9.2,1.75,19.2,2,7.7,4.5,11,50,50,11.7,103.17,4,433
403,Rayan Rupert,POR,19,19,4,15,8.2,98.2,105.2,-7,12.9,1.63,16.5,5.7,13.5,9.3,10.1,50,52.3,17.1,101.55,8.1,330
403,Ricky Council IV,PHI,22,19,8,11,9.5,108.7,113.5,-4.8,6,2.33,6.4,5.9,14.4,9.9,2.8,51.3,59.6,22.5,104.6,12.5,392
403,Saben Lee,PHX,24,19,11,8,8.3,106,100,6,25.5,3.57,26.3,5.3,11.7,8.8,7.4,42.2,53.9,18.7,102.47,12.2,336
414,AJ Griffin,ATL,20,18,8,10,7.4,109.7,119.5,-9.8,4.2,0.67,7.1,1.4,10.1,5.4,10.7,38.9,40.3,15.6,107.79,1.8,298
414,Ibou Badji,POR,21,18,5,13,11.3,96.4,112.8,-16.3,9.8,0.93,25.5,8.6,14.6,11.5,27.5,63.2,62,7.9,100.43,3.5,419
414,Markieff Morris,DAL,34,18,9,9,8.9,100.9,117.7,-16.8,10.3,1.22,15.5,2.3,15.4,8.7,12.7,42.9,44.3,15.5,101.88,5.7,344
414,P.J. Tucker,LAC,38,18,7,11,15,108.8,110.1,-1.3,3.7,1.6,23.5,6.2,11.4,8.8,14.7,42.5,46.9,4.1,99.83,2,558
418,Braxton Key,DEN,27,17,12,5,3.2,98.3,103.4,-5.1,22.2,8,29.6,5.5,20,12.7,3.7,40.6,45.6,15.2,102.42,11.1,116
418,Colby Jones,SAC,21,17,7,10,7.1,107.7,109.3,-1.7,12.3,2,15.9,7.3,12.8,9.8,7.9,38,38.4,17.8,98.2,3.9,248
418,Harry Giles III,LAL,25,17,7,10,5,116.7,123.1,-6.5,10,1,9.7,12,16.7,14.2,9.7,52.2,53.2,24.8,103.56,8.6,180
418,Jake LaRavia,MEM,22,17,2,15,14.9,99.2,112.8,-13.6,11.9,1.42,12.6,6.1,10.3,8.1,8.9,40.9,46.6,19.2,98.99,6,525
418,Kenneth Lofton Jr.,PHI,21,17,5,12,6.3,103.4,106.3,-2.9,20,1.75,19.7,1.6,15.5,7.8,11.3,38.4,41.3,21,106.14,4.3,237
418,Stanley Umude,DET,24,17,2,15,11.2,108.6,116.7,-8.1,6.8,0.82,11.1,2.3,14.1,8.5,13.6,64.4,71.1,15.9,103.86,8.3,409
418,Theo Maledon,PHX,22,17,5,12,12.5,107.8,121.6,-13.8,17.4,1.56,23,1.6,9.3,5.3,14.8,32.1,38.5,17.3,104.35,2.9,463
425,Chris Livingston,MIL,20,16,10,6,4.3,109.4,119.7,-10.3,8.9,1.25,19.2,3.4,20,12.1,15.4,46.9,50.4,13,103.55,4.6,149
425,Garrett Temple,TOR,37,16,4,12,4.3,101.9,109.2,-7.2,12.5,1.2,17.1,6.5,9,7.6,14.3,42.9,48.6,16.3,106.97,5.3,154
425,Jamal Cain,MIA,24,16,7,9,14.1,104.7,108.9,-4.2,2.6,0.8,4.5,5.7,8.8,7.2,5.6,47.8,53.1,15.9,100.07,6.6,466
425,Joe Harris,DET,32,16,4,12,10.6,104.9,119.4,-14.5,7.9,2.5,18.5,1.7,5.7,3.7,7.4,48.7,48.9,10.4,104.06,2.2,371
425,Monte Morris,MIN,28,16,9,7,14.7,109.5,103.9,5.5,24.4,9.5,28.4,2,9.5,5.6,3,43.3,44.6,17.4,99.2,9.1,486
425,Robin Lopez,MIL,35,16,10,6,4,95.8,115.9,-20.1,8.7,2,15.4,4.5,3,3.8,7.7,42.1,45.3,13.9,104.19,2.6,143
425,Taj Gibson,NYK,38,16,7,9,10.3,104.1,109.1,-5.1,7,1.8,23.7,5.9,10.9,8.4,13.2,30.4,33.5,7.7,101,0.6,345
432,Admiral Schofield,ORL,26,15,9,6,3.5,99.1,87.2,11.9,16.7,1.25,19.2,3.7,11.3,7.8,15.4,46.9,44.4,17.2,104.17,3.1,113
432,Ben Simmons,BKN,27,15,7,8,23.9,109.6,113,-3.4,30.6,3.19,44.3,8,24.1,15.8,13.9,58.1,57.1,12.6,102.24,11.9,759
432,Gui Santos,GSW,21,15,10,5,9.2,114,110,4.1,9.6,1.43,16.1,9.4,18.9,14,11.3,59.2,66.1,14.6,101.67,11.4,292
432,Otto Porter Jr.,UTA,30,15,6,9,11.6,112.2,107.5,4.7,5.8,4,18.2,3.2,13,8,4.5,54.5,56.8,8.3,103.13,5.4,376
436,James Bouknight,CHA,23,14,0,14,5.8,107.8,115.2,-7.3,12.5,3,12,1.2,11.8,6,4,59.8,59.7,24,98.2,11.1,166
436,Jerome Robinson,GSW,27,14,11,3,4,108.8,101.7,7.1,7,0,10,1.5,3.6,2.4,0,31.8,37.9,17.8,105.24,1.5,125
436,Luka Garza,MIN,25,14,11,3,2.8,101,109.7,-8.7,8,1,5.7,11.5,12.2,11.8,5.7,50,54.5,28.4,115.54,7.1,98
436,Olivier Sarr,OKC,25,14,7,7,6.8,109.1,104,5.1,3,0.67,6.5,11.5,23.6,18.1,9.7,63.2,66.4,12.9,100.77,9.6,198
436,Udoka Azubuike,PHX,24,14,10,4,7.7,108.8,126,-17.2,3.9,0.75,8.8,10.2,18.3,14.3,11.8,72.7,65.2,11.9,101.73,7,228
436,Wendell Moore Jr.,MIN,22,14,11,3,3.2,93.4,115.2,-21.8,5.9,0.67,13.3,0,13.3,6.5,20,50,50,11,114.36,5.6,106
442,DaQuan Jeffries,NYK,26,13,8,5,2.6,87.1,95.8,-8.7,10,2,11.1,0,12.5,6,5.6,39.3,37,20.5,100.23,3.3,70
442,Jett Howard,ORL,20,13,6,7,3.8,98.2,97.2,1,10.7,1.5,10.3,2.1,7.5,5,6.9,47.7,48.4,21.5,107.72,5.7,111
442,Trevelin Queen,ORL,27,13,5,8,12.5,108.2,108.3,-0.1,16.7,2.57,26.5,2.1,9.6,6.2,10.3,40.8,46.2,13.8,98.29,5.8,330
445,Brandon Williams,DAL,24,12,7,5,4.9,93.8,114.7,-20.9,32.4,4,29.3,4.2,6.3,5.1,7.3,40.9,44.7,20,104.8,7.6,129
445,Brice Sensabaugh,UTA,20,12,5,7,9.1,108.4,119.2,-10.8,7.6,0.6,10.7,0.9,9.8,5.1,17.9,48.7,50.8,18.7,104.65,2.4,237
445,Devonte' Graham,SAS,29,12,3,9,8.3,114.7,104.2,10.6,24.4,6.33,34.5,1.8,14.9,7.8,5.5,48.3,52.2,14.7,104.62,10,217
445,Evan Fournier,DET,31,12,3,9,17.1,96,107,-11,10.9,1.56,12.5,1.3,10.4,5.4,8,47,50.8,19.2,104.3,7.2,449
445,Jay Huff,DEN,26,12,9,3,2.8,83.8,102.6,-18.8,6.7,1,7.1,2.9,22.9,12.9,7.1,68.2,71.5,16.3,106.17,12.5,74
445,Moses Brown,POR,24,12,4,8,8.6,105.7,114.7,-9.1,6,0.67,10.5,16.5,31,23.3,15.8,52,48.1,13.3,99.36,8.7,212
445,Terquavion Smith,PHI,21,12,4,8,5.8,118.2,117.9,0.3,18.9,2.5,18.2,0,3,1.4,7.3,55,55.7,23.8,113.36,8.8,165
452,Cole Swider,MIA,24,11,4,7,5,98.3,98.3,0,11.8,0.67,11.1,1.6,5.7,3.5,16.7,46,48.3,23.5,101.69,4.7,116
452,Dylan Windler,ATL,27,11,6,5,3.2,110.7,97.4,13.2,26.9,0,38.9,0,8.5,5.3,0,68.2,68.2,13.9,104.54,11.4,75
452,Jermaine Samuels Jr.,HOU,25,11,6,5,4.8,105.1,115.5,-10.4,4.8,0,14.3,4.1,18,11.1,0,72.7,75.8,9.2,105.42,10.6,117
452,Juan Toscano-Anderson,SAC,30,11,7,4,4.8,99.1,99.2,-0.1,10.8,2,22.2,6.8,16.7,11.8,11.1,29.2,29.2,10.6,104.36,1.3,110
452,Moussa Diabate,LAC,22,11,7,4,5.8,117.7,121.1,-3.4,8.9,2,12.5,22.7,12.9,17.6,6.3,52.6,57.6,17.1,96.39,14.1,130
452,Nate Hinton,HOU,24,11,6,5,5.2,112.9,100.8,12.1,13,3,20,5.3,13.2,9.6,6.7,67.5,69.8,16.1,110.14,11.4,132
452,Nate Williams,HOU,25,11,3,8,6.9,117.5,105.5,11.9,9.4,3,14.6,8.9,2.4,5.7,4.9,48.3,49.9,17.3,103.8,5.6,166
452,Trey Jemison,MEM,24,11,2,9,17.3,105,113.9,-8.9,6.3,0.73,11.8,9.6,14.7,12.1,16.2,53.3,56.2,13.6,98.35,5,383
460,Aleksej Pokusevski,CHA,22,10,8,2,6,98.4,130.1,-31.6,11.9,1.67,19.2,3.1,15.7,8.6,11.5,31.3,33.8,14.5,99.65,2,128
460,Armoni Brooks,BKN,25,10,3,7,10.4,127.7,114,13.7,6,1.67,9.3,6.1,9.8,7.9,5.6,44.6,44.8,18.8,98.52,5.4,213
460,Ashton Hagans,POR,24,10,2,8,16.1,108.8,108.8,0,22.8,1.73,32.9,3.1,10.6,6.8,19,44.1,48.7,14,94.72,5.9,318
460,Daishen Nix,MIN,22,10,8,2,3.5,127.5,107.9,19.6,6.9,2,8.3,0,3,1.4,4.2,55.3,53,24.4,106.16,6.6,80
460,Emoni Bates,CLE,20,10,6,4,7.6,90.6,125.6,-35.1,12.2,6,18.2,1.3,11.8,6.5,3,34,34.8,15.3,100.83,3,159
460,Hunter Tyson,DEN,23,10,7,3,3,100,103.2,-3.2,4.3,0.5,7.7,3.2,24.1,13.3,15.4,25,25,17.1,101.93,-2.2,66
460,Ryan Rollins,MIL,21,10,1,9,6.6,120.8,82,38.8,20,1.57,22,3.2,11.8,7.9,14,56,63.1,23.2,108.92,16.8,149
467,Boban Marjanovic,HOU,35,9,5,4,5.3,96.2,116.8,-20.6,11.8,2,13.8,13,32.7,23.2,6.9,47.6,48.6,20.7,107.15,13.3,106
467,Dru Smith,MIA,26,9,7,2,14.5,97.4,112.5,-15,18.7,2.8,26.4,4.1,5.8,4.9,9.4,56.1,57.6,12.8,99.74,8.3,271
467,Ja Morant,MEM,24,9,6,3,35.3,111,111.1,-0.2,38.4,2.7,24.5,1.9,13.4,7.7,9.1,51.2,57,29.6,101.08,15.7,675
467,Jaylen Nowell,MEM,24,9,3,6,17.3,108.2,108.8,-0.6,14.5,3.2,20.8,1.8,6.7,4.2,6.5,43.6,45.3,16.2,101.14,4.9,329
467,Keyontae Johnson,OKC,23,9,7,2,7.4,100,105.8,-5.8,8.5,1,16.7,6.5,9.5,8,16.7,34.4,34.4,12.8,100.42,1.5,139
467,Kobe Bufkin,ATL,20,9,6,3,9.9,105.7,102.6,3.1,25,3,25.4,2.2,11.9,7.3,8.5,41.9,42.6,20.3,103.24,7.9,192
467,Seth Lundy,ATL,23,9,2,7,5.8,102.7,114.4,-11.7,0,0,0,2.2,11.8,7.2,5,32.4,37.3,16.8,102.49,-0.2,111
474,E.J. Liddell,NOP,23,8,3,5,2.9,98.1,109.8,-11.7,6.7,0.5,10,0,21.7,10.6,20,16.7,29.1,14.8,108.13,4.5,53
474,Jacob Toppin,NYK,23,8,1,7,4.6,98.6,121.6,-23,15,3,21.4,7.7,15.4,10.8,7.1,61.1,65.8,13.6,95.52,8.9,73
474,Jules Bernard,WAS,24,8,1,7,4.5,100,91.3,8.8,17.2,2.5,23.8,5.7,7.3,6.4,9.5,38.5,39.6,14.8,109.74,5.1,84
474,Kendall Brown,IND,20,8,4,4,3.6,83.9,95,-11.1,11.8,0,18.2,6.3,0,3.6,0,50,57.9,11.5,102.89,4.9,62
474,Oscar Tshiebwe,IND,24,8,2,6,5.2,114.9,98.9,15.9,6.5,0,7.7,16.7,22.9,19.3,0,50,55.3,20.5,108.21,16.5,94
474,R.J. Hampton,WAS,23,8,3,5,9.5,118.4,107.8,10.6,12.7,2.67,30.8,2.6,4.5,3.6,11.5,32.1,33.6,9.8,98.5,0.3,158
474,Scotty Pippen Jr.,MEM,23,8,1,7,22.6,104.6,109.8,-5.2,32.4,2.4,30.3,4.2,10.4,7.2,12.6,58.5,61.5,20,97.97,11.2,370
481,Charlie Brown Jr.,NYK,27,7,1,6,5.2,104.2,107.9,-3.7,0,0,0,2.5,2.8,2.6,16.7,30,30,14.8,97.82,-4.6,71
481,Colin Castleton,LAL,23,7,3,4,5.1,95.9,124.3,-28.4,16.7,3,18.8,12.1,15.2,13.6,6.3,70,76.5,15.9,98.75,11.8,74
481,D'Moi Hodge,LAL,25,7,1,6,5.9,86.4,130.6,-44.2,22.7,5,22.7,0,0,0,4.5,43.3,44.1,17.2,100.67,2.7,88
481,Ish Wainright,PHX,29,7,1,6,6.6,76,76.7,-0.7,0,0,0,0,17.6,8,5,50,53,17.1,108.27,14.8,104
481,Leonard Miller,MIN,20,7,6,1,3.7,89.8,105.4,-15.5,21.4,3,20,3.7,36,19.2,6.7,68.2,68.2,19,106.5,18.5,59
481,Matt Hurt,MEM,23,7,1,6,15.3,99.1,105.1,-6,6.7,2,10.3,6.7,6.4,6.5,5.1,45.3,48,13.5,98.21,6.2,221
481,Noah Clowney,BKN,19,7,3,4,9.9,108.7,129.2,-20.4,12.8,2,20,8.5,12.5,10.2,10,63.9,70.3,14.4,101.86,9,149
488,Dereon Seabron,NOP,23,6,3,3,9.2,118.8,92.5,26.3,11.6,0,23.8,2.1,8.2,5.8,0,34.6,44.8,12.2,103.26,6.9,117
488,Greg Brown III,DAL,22,6,3,3,6.6,101.1,110.6,-9.6,13.8,1,17.4,6.4,12.2,9.4,17.4,50,50.1,17.8,113.53,4.4,94
488,Jamaree Bouyea,SAS,24,6,0,6,9.5,80.3,100,-19.7,25.8,1,21.6,2.7,15.7,8.1,21.6,23.8,23.8,20,101.51,0,122
488,James Johnson,IND,37,6,2,4,5.3,122.9,111.6,11.3,18.8,3,40,3.2,12.5,7.3,13.3,33.3,43.6,11.1,105.59,4.6,70
488,Jared Rhoden,DET,24,6,1,5,7.1,129,110.9,18.2,11.8,1.33,21.1,3.6,10,7.4,15.8,59.1,63.1,15.3,104.64,6.6,93
488,Jordan Ford,SAC,25,6,2,4,3.6,128.9,100,28.9,11.8,2,18.2,0,10,5.1,9.1,71.4,76.1,18.4,97.91,11.9,45
488,Robert Williams III,POR,26,6,2,4,19.8,101.6,114.9,-13.3,6.5,0.71,12.2,8,22.7,14.8,17.1,65.4,68.4,12.2,101.25,11.3,252
488,Sidy Cissoko,SAS,19,6,1,5,5.3,104.1,83.8,20.3,0,0,0,0,17.1,8.1,11.1,16.7,38.7,10.5,111.2,5.7,74
488,Tosan Evbuomwan,DET,23,6,0,6,15,100,114.9,-14.9,9.7,6,24,8.2,9.4,8.7,4,47.2,47.2,9.2,98.46,5,182
497,Frank Ntilikina,CHA,25,5,0,5,8.6,121.3,121.1,0.2,10.8,4,26.7,2.1,11.1,6.5,6.7,16.7,25.3,11.1,100.14,0.7,89
497,Gabe Vincent,LAL,27,5,2,3,25.5,102.2,103.7,-1.5,17.2,7.5,30,1.5,2.3,1.9,4,40.6,41.1,11.5,100.97,3.6,269
497,Jalen Slawson,SAC,24,5,3,2,3.7,86.8,123.7,-36.8,16.7,1,28.6,0,20,10.8,28.6,66.7,66.7,11.6,97.57,7.6,38
497,Jordan Miller,LAC,24,5,4,1,4.2,97.9,137.8,-39.9,0,0,0,9.1,8,8.5,12.5,75,79.9,14.5,106.37,8.9,48
497,Onuralp Bitim,CHI,24,5,2,3,12.4,105.6,96.1,9.5,4.9,0.67,8.7,1.5,14.5,8.2,13,43.8,47.9,14.4,98.11,5.4,125
497,TyTy Washington Jr.,MIL,22,5,3,2,4.1,75,84.8,-9.8,10,0.5,10,0,5.6,2.5,20,21.4,21.4,18,109.07,-1.8,48
503,Alex Fudge,DAL,20,4,1,3,3.6,60.6,137.9,-77.3,0,0,0,13.3,0,6.9,12.5,16.7,29.1,21.1,102.86,-4.7,33
503,D.J. Carton,TOR,23,4,2,2,8.9,81.5,122.8,-41.3,15,3,21.4,5.1,4.3,4.7,7.1,43.8,53.9,12.5,108.07,6,81
503,Dexter Dennis,DAL,25,4,1,3,7.5,89,100,-11,36.4,1.33,15.4,2.5,21.1,11.5,11.5,55.3,54.1,27.8,118.13,16.4,73
503,Javon Freeman-Liberty,TOR,24,4,1,3,5.6,88,122,-34,8.3,0,7.7,3.1,10,6.5,0,55,61.5,21.1,106.51,13.8,50
503,Johnny Juzang,UTA,22,4,2,2,7.2,98.4,78.3,20.1,10,0,14.3,2.7,8.3,5.5,0,41.7,41.7,16.4,102.74,6.8,63
503,Jordan Walsh,BOS,20,4,4,0,8.3,121.5,78.3,43.3,6.7,1,22.2,6.3,22,15.1,22.2,20,20,9,97.45,4.5,65
503,Keon Johnson,BKN,21,4,0,4,12.8,123.3,144.2,-20.9,8.3,0.75,9.7,5.4,5.1,5.3,12.9,47.4,59.8,22.2,97.31,6.6,103
503,Marques Bolden,CHA,25,4,2,2,3.9,118.4,102.9,15.5,0,0,0,0,14.3,9.1,50,0,0,5.3,111.27,-1.3,38
511,Adama Sanogo,CHI,22,3,0,3,3.5,79.2,9.1,70.1,0,0,0,15.4,33.3,24,20,100,92.6,17.9,104.04,157.1,24
511,Amari Bailey,CHA,20,3,0,3,4.9,112.5,116.1,-3.6,8.3,1,10,14.3,0,6.9,10,28.6,31.7,25,101.93,0,32
511,Darius Bazley,PHI,23,3,0,3,3.3,121.1,126.3,-5.3,22.2,2,50,0,14.3,7.7,25,0,0,9.5,93.22,2,19
511,Filip Petrusev,SAC,23,3,2,1,3.1,110,80,30,0,0,0,0,8.3,5.6,0,50,52.1,15,103.11,2.6,20
511,Isaiah Mobley,CLE,24,3,0,3,4.7,100,121.4,-21.4,44.4,4,44.4,0,25,8.7,11.1,62.5,62.5,15.6,94.54,11.1,28
511,Justin Champagnie,WAS,22,3,0,3,5.5,111.4,102.9,8.6,9.1,1,8.3,0,7.1,3.1,8.3,55,55,28.2,102.54,12.1,35
511,Lindell Wigginton,MIL,25,3,3,0,2.5,64.7,131.3,-66.5,0,0,0,0,0,0,14.3,40,51,41.2,103.8,2.9,17
511,Mamadi Diakite,SAS,27,3,2,1,5.3,100,84.8,15.2,25,0,20,5.9,11.8,8.8,0,80,78.5,22.2,99.31,25.2,33
511,Shaquille Harrison,MEM,30,3,1,2,2,46.2,121.4,-75.3,0,0,0,0,40,16.7,0,50,50,15.4,108.6,15.9,13
511,Taze Moore,POR,25,3,1,2,3.4,121.4,111.5,9.9,11.1,1,14.3,0,0,0,14.3,60,60,18.8,127.27,6,28
511,Usman Garuba,GSW,21,3,2,1,2.6,85,129.4,-44.4,33.3,0,50,8.3,0,5.3,0,0,0,4.2,113.85,-1.8,20
522,Alondes Williams,MIA,24,2,2,0,4.7,52.2,95.2,-43.1,0,0,0,0,11.1,5.6,25,0,0,16.7,112.38,-10.2,23
522,Danny Green,PHI,36,2,1,1,9.2,114.6,120.5,-5.9,5.6,0,33.3,0,11.1,5.6,0,0,0,4.3,104.07,1.2,41
522,Dariq Whitehead,BKN,19,2,1,1,12,110.9,153.7,-42.8,14.3,0,33.3,0,19,7.8,0,20,25.5,9.4,109.08,3.5,55
522,Dmytro Skapintsev,NYK,25,2,0,2,1.1,75,60,15,0,0,0,0,0,0,0,0,0,25,101.25,-16.7,4
522,Hamidou Diallo,WAS,25,2,1,1,2.4,81.8,50,31.8,33.3,1,25,18.2,0,12.5,25,50,50,18.8,106.11,26.1,11
522,JD Davison,BOS,21,2,2,0,2.8,84.6,71.4,13.2,0,0,0,16.7,11.1,13.3,0,0,53.2,13.3,115.71,13.5,13
522,Joshua Primo,LAC,21,2,2,0,5.1,91.7,104.5,-12.9,0,0,0,11.1,0,4.2,57.1,33.3,33.3,25.9,107.53,-7.6,24
522,Justin Jackson,MIN,28,2,2,0,0.4,0,0,0,0,0,0,0,0,0,0,0,0,0,137.14,0,2
522,Kevon Harris,ORL,26,2,1,1,3,142.9,133.3,9.5,20,1,20,0,28.6,20,20,66.7,66.7,28.6,115.04,5.3,14
522,Micah Potter,UTA,25,2,1,1,3.6,40,146.2,-106.2,0,0,0,0,66.7,25,0,0,0,6.3,92.48,10,15
522,Mouhamadou Gueye,TOR,25,2,0,2,4.8,91.3,95.2,-3.9,0,0,0,23.1,11.8,16.7,0,25,25,13.8,109.05,7,23
522,Mouhamed Gueye,ATL,21,2,2,0,2.2,10,127.3,-117.3,0,0,0,0,0,0,0,0,0,8.3,114.98,-11.1,10
522,Pete Nance,CLE,24,2,1,1,2.1,87.5,42.9,44.6,0,0,0,0,0,0,0,0,0,25,86.75,-22.2,8
522,Ty Jerome,CLE,26,2,1,1,7.4,106.7,143.8,-37.1,27.3,3,37.5,6.7,0,4,12.5,50,50,14.7,100.43,3.4,30
522,Xavier Moon,LAC,29,2,2,0,5.8,76.9,137.5,-60.6,42.9,3,50,0,18.2,9.5,16.7,50,50,11.1,103.9,7.2,26
537,Adam Flagler,OKC,24,1,1,0,5.5,100,100,0,25,0,25,0,0,0,0,0,0,21.4,113.45,-7.4,13
537,Drew Peterson,BOS,24,1,1,0,2.6,160,100,60,50,0,50,0,0,0,0,150,150,20,103.53,20.7,5
537,Izaiah Brockington,NOP,24,1,1,0,3.4,150,100,50,0,0,0,12.5,16.7,14.3,0,40,40,38.5,120.59,12.8,8
537,Jahmi'us Ramsey,TOR,22,1,0,1,5.3,83.3,141.7,-58.3,33.3,0,25,11.1,7.7,9.1,0,33.3,33.3,18.8,109.71,11.4,12
537,Jalen Crutcher,NOP,24,1,1,0,2.7,120,100,20,0,0,0,0,0,0,0,0,0,16.7,90.57,-8,5
537,Jason Preston,UTA,24,1,0,1,1.2,0,0,0,0,0,0,50,0,20,100,0,0,25,136.22,25,3
537,Javonte Smart,PHI,24,1,1,0,0.7,0,150,-150,0,0,0,0,0,0,0,0,0,0,108,0,1
537,Jeff Dowtin Jr.,PHI,26,1,0,1,5.9,83.3,133.3,-50,25,1,50,0,0,0,50,0,0,7.7,97.35,0,12
537,Kaiser Gates,NOP,27,1,0,1,7.4,81.3,88.2,-7,0,0,0,0,9.1,4.5,0,0,0,22.2,106.55,-15,16
537,Malcolm Cazalon,DET,22,1,0,1,2.6,183.3,100,83.3,0,0,0,0,0,0,0,0,0,0,111.48,0,6
537,Markquis Nowell,TOR,24,1,0,1,3.5,128.6,62.5,66.1,100,0,50,50,0,28.6,0,0,53.2,22.2,102.37,35.7,7
537,Mason Jones,SAC,25,1,0,1,13,103.8,63,40.9,36.4,0,50,5.9,20,12.5,0,0,12.9,12.1,97.85,12.9,26
537,Pat Spencer,GSW,27,1,0,1,1.8,0,100,-100,0,0,0,0,0,0,0,0,0,0,68.57,0,3
537,Ron Harper Jr.,TOR,23,1,1,0,3.7,100,188.9,-88.9,33.3,0,100,0,0,0,0,0,0,0,111.78,-4.5,8
537,Vit Krejci,ATL,23,1,0,1,2.5,66.7,100,-33.3,0,0,0,0,0,0,0,0,0,0,107.76,0,6